,PC6,Gemeentenaam
0,2526,'s-Gravenhage
1,2541,'s-Gravenhage
2,2522,'s-Gravenhage
3,2524,'s-Gravenhage
4,2574,'s-Gravenhage
5,2495,'s-Gravenhage
6,2496,'s-Gravenhage
7,2533,'s-Gravenhage
8,2586,'s-Gravenhage
9,2521,'s-Gravenhage
10,2491,'s-Gravenhage
11,2516,'s-Gravenhage
12,2517,'s-Gravenhage
13,2518,'s-Gravenhage
14,2513,'s-Gravenhage
15,2587,'s-Gravenhage
16,2532,'s-Gravenhage
17,2564,'s-Gravenhage
18,2565,'s-Gravenhage
19,2581,'s-Gravenhage
20,2597,'s-Gravenhage
21,2596,'s-Gravenhage
22,2492,'s-Gravenhage
23,2493,'s-Gravenhage
24,2554,'s-Gravenhage
25,2553,'s-Gravenhage
26,2561,'s-Gravenhage
27,2555,'s-Gravenhage
28,2551,'s-Gravenhage
29,2552,'s-Gravenhage
30,2566,'s-Gravenhage
31,2583,'s-Gravenhage
32,2563,'s-Gravenhage
33,2562,'s-Gravenhage
34,2514,'s-Gravenhage
35,2515,'s-Gravenhage
36,2582,'s-Gravenhage
37,2497,'s-Gravenhage
38,2547,'s-Gravenhage
39,2571,'s-Gravenhage
40,2572,'s-Gravenhage
41,2542,'s-Gravenhage
42,2543,'s-Gravenhage
43,2546,'s-Gravenhage
44,2544,'s-Gravenhage
45,2545,'s-Gravenhage
46,2548,'s-Gravenhage
47,2584,'s-Gravenhage
48,2512,'s-Gravenhage
49,2573,'s-Gravenhage
50,2498,'s-Gravenhage
51,2511,'s-Gravenhage
52,2531,'s-Gravenhage
53,2591,'s-Gravenhage
54,2593,'s-Gravenhage
55,2595,'s-Gravenhage
56,2592,'s-Gravenhage
57,2525,'s-Gravenhage
58,2523,'s-Gravenhage
59,2585,'s-Gravenhage
60,2594,'s-Gravenhage
61,5381,'s-Hertogenbosch
62,5241,'s-Hertogenbosch
63,5392,'s-Hertogenbosch
64,5391,'s-Hertogenbosch
65,5246,'s-Hertogenbosch
66,5248,'s-Hertogenbosch
67,5247,'s-Hertogenbosch
68,5382,'s-Hertogenbosch
69,5237,'s-Hertogenbosch
70,5224,'s-Hertogenbosch
71,5244,'s-Hertogenbosch
72,5235,'s-Hertogenbosch
73,5236,'s-Hertogenbosch
74,5245,'s-Hertogenbosch
75,5215,'s-Hertogenbosch
76,5216,'s-Hertogenbosch
77,5221,'s-Hertogenbosch
78,5222,'s-Hertogenbosch
79,5223,'s-Hertogenbosch
80,5233,'s-Hertogenbosch
81,5231,'s-Hertogenbosch
82,5242,'s-Hertogenbosch
83,5234,'s-Hertogenbosch
84,5249,'s-Hertogenbosch
85,5211,'s-Hertogenbosch
86,5213,'s-Hertogenbosch
87,5383,'s-Hertogenbosch
88,5243,'s-Hertogenbosch
89,5212,'s-Hertogenbosch
90,5232,'s-Hertogenbosch
91,9448,Aa en Hunze
92,9444,Aa en Hunze
93,9446,Aa en Hunze
94,9449,Aa en Hunze
95,9452,Aa en Hunze
96,9453,Aa en Hunze
97,9447,Aa en Hunze
98,9465,Aa en Hunze
99,9659,Aa en Hunze
100,9658,Aa en Hunze
101,9657,Aa en Hunze
102,9443,Aa en Hunze
103,9445,Aa en Hunze
104,9468,Aa en Hunze
105,9469,Aa en Hunze
106,9463,Aa en Hunze
107,9654,Aa en Hunze
108,9515,Aa en Hunze
109,9464,Aa en Hunze
110,9459,Aa en Hunze
111,9656,Aa en Hunze
112,9462,Aa en Hunze
113,9511,Aa en Hunze
114,9514,Aa en Hunze
115,9467,Aa en Hunze
116,9466,Aa en Hunze
117,9461,Aa en Hunze
118,9451,Aa en Hunze
119,9454,Aa en Hunze
120,9457,Aa en Hunze
121,9456,Aa en Hunze
122,9455,Aa en Hunze
123,9458,Aa en Hunze
124,9512,Aa en Hunze
125,9655,Aa en Hunze
126,1432,Aalsmeer
127,1433,Aalsmeer
128,1431,Aalsmeer
129,7091,Aalten
130,7126,Aalten
131,7123,Aalten
132,7095,Aalten
133,7121,Aalten
134,7122,Aalten
135,9283,Achtkarspelen
136,9873,Achtkarspelen
137,9871,Achtkarspelen
138,9231,Achtkarspelen
139,9287,Achtkarspelen
140,9286,Achtkarspelen
141,9285,Achtkarspelen
142,9284,Achtkarspelen
143,9289,Achtkarspelen
144,9281,Achtkarspelen
145,9288,Achtkarspelen
146,9872,Achtkarspelen
147,9233,Achtkarspelen
148,2954,Alblasserdam
149,2951,Alblasserdam
150,2952,Alblasserdam
151,2953,Alblasserdam
152,3161,Albrandswaard
153,3162,Albrandswaard
154,3171,Albrandswaard
155,3165,Albrandswaard
156,3176,Albrandswaard
157,3172,Albrandswaard
158,1536,Alkmaar
159,1813,Alkmaar
160,1814,Alkmaar
161,1488,Alkmaar
162,1487,Alkmaar
163,1483,Alkmaar
164,1484,Alkmaar
165,1485,Alkmaar
166,1486,Alkmaar
167,1826,Alkmaar
168,1646,Alkmaar
169,1816,Alkmaar
170,1812,Alkmaar
171,1815,Alkmaar
172,1636,Alkmaar
173,1824,Alkmaar
174,1817,Alkmaar
175,1841,Alkmaar
176,1822,Alkmaar
177,1821,Alkmaar
178,1811,Alkmaar
179,1847,Alkmaar
180,1842,Alkmaar
181,1823,Alkmaar
182,1846,Alkmaar
183,1843,Alkmaar
184,1829,Alkmaar
185,1831,Alkmaar
186,1827,Alkmaar
187,1825,Alkmaar
188,1844,Alkmaar
189,7606,Almelo
190,7605,Almelo
191,7607,Almelo
192,7604,Almelo
193,7602,Almelo
194,7609,Almelo
195,7603,Almelo
196,7611,Almelo
197,7610,Almelo
198,7627,Almelo
199,7601,Almelo
200,7608,Almelo
201,1363,Almere
202,1343,Almere
203,1352,Almere
204,1339,Almere
205,1341,Almere
206,1359,Almere
207,1357,Almere
208,1358,Almere
209,1362,Almere
210,1356,Almere
211,1333,Almere
212,1334,Almere
213,1335,Almere
214,1332,Almere
215,1331,Almere
216,1329,Almere
217,1338,Almere
218,1336,Almere
219,1355,Almere
220,1364,Almere
221,1323,Almere
222,1324,Almere
223,1317,Almere
224,1349,Almere
225,1316,Almere
226,1318,Almere
227,1353,Almere
228,1354,Almere
229,1309,Almere
230,1312,Almere
231,1311,Almere
232,1315,Almere
233,1351,Almere
234,1314,Almere
235,1325,Almere
236,1327,Almere
237,1328,Almere
238,1326,Almere
239,1322,Almere
240,1319,Almere
241,1321,Almere
242,1361,Almere
243,1313,Almere
244,2391,Alphen aan den Rijn
245,2408,Alphen aan den Rijn
246,2394,Alphen aan den Rijn
247,2396,Alphen aan den Rijn
248,2471,Alphen aan den Rijn
249,2445,Alphen aan den Rijn
250,2409,Alphen aan den Rijn
251,2401,Alphen aan den Rijn
252,2402,Alphen aan den Rijn
253,2406,Alphen aan den Rijn
254,2405,Alphen aan den Rijn
255,2407,Alphen aan den Rijn
256,2403,Alphen aan den Rijn
257,2404,Alphen aan den Rijn
258,2771,Alphen aan den Rijn
259,2731,Alphen aan den Rijn
260,4858,Alphen-Chaam
261,4861,Alphen-Chaam
262,4855,Alphen-Chaam
263,4856,Alphen-Chaam
264,4859,Alphen-Chaam
265,5131,Alphen-Chaam
266,4254,Altena
267,4255,Altena
268,4267,Altena
269,4264,Altena
270,4268,Altena
271,4269,Altena
272,4271,Altena
273,4288,Altena
274,4284,Altena
275,4273,Altena
276,4283,Altena
277,4261,Altena
278,4281,Altena
279,4286,Altena
280,4285,Altena
281,4287,Altena
282,4265,Altena
283,4266,Altena
284,4251,Altena
285,9164,Ameland
286,9162,Ameland
287,9161,Ameland
288,9163,Ameland
289,3815,Amersfoort
290,3814,Amersfoort
291,3828,Amersfoort
292,3818,Amersfoort
293,3826,Amersfoort
294,3829,Amersfoort
295,3836,Amersfoort
296,3821,Amersfoort
297,3811,Amersfoort
298,3813,Amersfoort
299,3812,Amersfoort
300,3822,Amersfoort
301,3816,Amersfoort
302,3817,Amersfoort
303,3825,Amersfoort
304,3824,Amersfoort
305,3819,Amersfoort
306,3823,Amersfoort
307,1183,Amstelveen
308,1182,Amstelveen
309,1185,Amstelveen
310,1184,Amstelveen
311,1188,Amstelveen
312,1187,Amstelveen
313,1189,Amstelveen
314,1186,Amstelveen
315,1181,Amstelveen
316,1101,Amsterdam
317,1018,Amsterdam
318,1017,Amsterdam
319,1011,Amsterdam
320,1096,Amsterdam
321,1095,Amsterdam
322,1104,Amsterdam
323,1102,Amsterdam
324,1106,Amsterdam
325,1032,Amsterdam
326,1031,Amsterdam
327,1019,Amsterdam
328,1022,Amsterdam
329,1025,Amsterdam
330,1024,Amsterdam
331,1105,Amsterdam
332,1103,Amsterdam
333,1097,Amsterdam
334,1098,Amsterdam
335,1012,Amsterdam
336,1023,Amsterdam
337,1071,Amsterdam
338,1081,Amsterdam
339,1109,Amsterdam
340,1108,Amsterdam
341,1107,Amsterdam
342,1078,Amsterdam
343,1073,Amsterdam
344,1074,Amsterdam
345,1086,Amsterdam
346,1094,Amsterdam
347,1093,Amsterdam
348,1091,Amsterdam
349,1021,Amsterdam
350,1026,Amsterdam
351,1027,Amsterdam
352,1083,Amsterdam
353,1082,Amsterdam
354,1092,Amsterdam
355,1087,Amsterdam
356,1079,Amsterdam
357,1077,Amsterdam
358,1076,Amsterdam
359,1075,Amsterdam
360,1072,Amsterdam
361,1013,Amsterdam
362,1069,Amsterdam
363,1028,Amsterdam
364,1014,Amsterdam
365,1059,Amsterdam
366,1015,Amsterdam
367,1053,Amsterdam
368,1016,Amsterdam
369,1055,Amsterdam
370,1052,Amsterdam
371,1051,Amsterdam
372,1057,Amsterdam
373,1058,Amsterdam
374,1068,Amsterdam
375,1056,Amsterdam
376,1034,Amsterdam
377,1033,Amsterdam
378,1047,Amsterdam
379,1046,Amsterdam
380,1043,Amsterdam
381,1044,Amsterdam
382,1054,Amsterdam
383,1035,Amsterdam
384,1045,Amsterdam
385,1064,Amsterdam
386,1067,Amsterdam
387,1061,Amsterdam
388,1060,Amsterdam
389,1062,Amsterdam
390,1063,Amsterdam
391,1065,Amsterdam
392,1041,Amsterdam
393,1037,Amsterdam
394,1042,Amsterdam
395,1036,Amsterdam
396,1066,Amsterdam
397,7364,Apeldoorn
398,7325,Apeldoorn
399,7361,Apeldoorn
400,7371,Apeldoorn
401,7317,Apeldoorn
402,7314,Apeldoorn
403,7321,Apeldoorn
404,7316,Apeldoorn
405,3888,Apeldoorn
406,7313,Apeldoorn
407,7311,Apeldoorn
408,7312,Apeldoorn
409,7326,Apeldoorn
410,7327,Apeldoorn
411,7341,Apeldoorn
412,7322,Apeldoorn
413,7323,Apeldoorn
414,7328,Apeldoorn
415,7329,Apeldoorn
416,7335,Apeldoorn
417,7336,Apeldoorn
418,7331,Apeldoorn
419,7381,Apeldoorn
420,7345,Apeldoorn
421,7351,Apeldoorn
422,7348,Apeldoorn
423,7346,Apeldoorn
424,7334,Apeldoorn
425,7315,Apeldoorn
426,7339,Apeldoorn
427,7333,Apeldoorn
428,7332,Apeldoorn
429,7324,Apeldoorn
430,6813,Arnhem
431,6814,Arnhem
432,6812,Arnhem
433,6815,Arnhem
434,6821,Arnhem
435,6811,Arnhem
436,6822,Arnhem
437,6816,Arnhem
438,6841,Arnhem
439,6825,Arnhem
440,6843,Arnhem
441,6844,Arnhem
442,6845,Arnhem
443,6836,Arnhem
444,6824,Arnhem
445,6832,Arnhem
446,6831,Arnhem
447,6828,Arnhem
448,6834,Arnhem
449,6835,Arnhem
450,6827,Arnhem
451,6826,Arnhem
452,6846,Arnhem
453,6833,Arnhem
454,6842,Arnhem
455,6823,Arnhem
456,9492,Assen
457,9401,Assen
458,9402,Assen
459,9407,Assen
460,9409,Assen
461,9404,Assen
462,9405,Assen
463,9403,Assen
464,9408,Assen
465,9488,Assen
466,9489,Assen
467,9406,Assen
468,9486,Assen
469,9487,Assen
470,5721,Asten
471,5725,Asten
472,5722,Asten
473,5724,Asten
474,5114,Baarle-Nassau
475,5113,Baarle-Nassau
476,5111,Baarle-Nassau
477,3743,Baarn
478,3742,Baarn
479,3744,Baarn
480,3749,Baarn
481,3741,Baarn
482,2993,Barendrecht
483,2992,Barendrecht
484,2991,Barendrecht
485,2994,Barendrecht
486,3775,Barneveld
487,3785,Barneveld
488,3792,Barneveld
489,3794,Barneveld
490,3781,Barneveld
491,3784,Barneveld
492,3886,Barneveld
493,3773,Barneveld
494,3771,Barneveld
495,3772,Barneveld
496,3774,Barneveld
497,3776,Barneveld
498,6199,Beek
499,6191,Beek
500,6176,Beek
501,6456,Beekdaelen
502,6436,Beekdaelen
503,6447,Beekdaelen
504,6365,Beekdaelen
505,6174,Beekdaelen
506,6438,Beekdaelen
507,6439,Beekdaelen
508,6454,Beekdaelen
509,6361,Beekdaelen
510,6363,Beekdaelen
511,6333,Beekdaelen
512,6336,Beekdaelen
513,6155,Beekdaelen
514,6451,Beekdaelen
515,5954,Beesel
516,5953,Beesel
517,6578,Berg en Dal
518,6576,Berg en Dal
519,6577,Berg en Dal
520,6579,Berg en Dal
521,6575,Berg en Dal
522,6573,Berg en Dal
523,6572,Berg en Dal
524,6571,Berg en Dal
525,6561,Berg en Dal
526,6564,Berg en Dal
527,6562,Berg en Dal
528,6566,Berg en Dal
529,5561,Bergeijk
530,5575,Bergeijk
531,5563,Bergeijk
532,5571,Bergeijk
533,5851,Bergen (L.)
534,5853,Bergen (L.)
535,5856,Bergen (L.)
536,5854,Bergen (L.)
537,5855,Bergen (L.)
538,1861,Bergen (NH.)
539,1935,Bergen (NH.)
540,1865,Bergen (NH.)
541,1862,Bergen (NH.)
542,1931,Bergen (NH.)
543,1934,Bergen (NH.)
544,1871,Bergen (NH.)
545,1873,Bergen (NH.)
546,4625,Bergen op Zoom
547,4623,Bergen op Zoom
548,4614,Bergen op Zoom
549,4616,Bergen op Zoom
550,4624,Bergen op Zoom
551,4621,Bergen op Zoom
552,4612,Bergen op Zoom
553,4615,Bergen op Zoom
554,4611,Bergen op Zoom
555,4617,Bergen op Zoom
556,4664,Bergen op Zoom
557,4661,Bergen op Zoom
558,4613,Bergen op Zoom
559,4622,Bergen op Zoom
560,7273,Berkelland
561,7271,Berkelland
562,7261,Berkelland
563,7274,Berkelland
564,7161,Berkelland
565,7165,Berkelland
566,7151,Berkelland
567,7157,Berkelland
568,7275,Berkelland
569,7152,Berkelland
570,7156,Berkelland
571,5384,Bernheze
572,5473,Bernheze
573,5476,Bernheze
574,5471,Bernheze
575,5472,Bernheze
576,5388,Bernheze
577,5684,Best
578,5683,Best
579,5685,Best
580,5682,Best
581,5681,Best
582,6641,Beuningen
583,6645,Beuningen
584,6551,Beuningen
585,6642,Beuningen
586,6644,Beuningen
587,1949,Beverwijk
588,1945,Beverwijk
589,1944,Beverwijk
590,1941,Beverwijk
591,1942,Beverwijk
592,1943,Beverwijk
593,1948,Beverwijk
594,1946,Beverwijk
595,1947,Beverwijk
596,5531,Bladel
597,5527,Bladel
598,5534,Bladel
599,5528,Bladel
600,5529,Bladel
601,1261,Blaricum
602,1262,Blaricum
603,2111,Bloemendaal
604,2051,Bloemendaal
605,2061,Bloemendaal
606,2114,Bloemendaal
607,2121,Bloemendaal
608,2415,Bodegraven-Reeuwijk
609,2412,Bodegraven-Reeuwijk
610,3465,Bodegraven-Reeuwijk
611,2411,Bodegraven-Reeuwijk
612,2811,Bodegraven-Reeuwijk
613,3466,Bodegraven-Reeuwijk
614,5428,Boekel
615,5427,Boekel
616,9524,Borger-Odoorn
617,7877,Borger-Odoorn
618,9564,Borger-Odoorn
619,7874,Borger-Odoorn
620,7871,Borger-Odoorn
621,7872,Borger-Odoorn
622,7859,Borger-Odoorn
623,9536,Borger-Odoorn
624,9537,Borger-Odoorn
625,9535,Borger-Odoorn
626,9534,Borger-Odoorn
627,7858,Borger-Odoorn
628,9533,Borger-Odoorn
629,7875,Borger-Odoorn
630,9521,Borger-Odoorn
631,9531,Borger-Odoorn
632,9523,Borger-Odoorn
633,9527,Borger-Odoorn
634,9525,Borger-Odoorn
635,9526,Borger-Odoorn
636,9528,Borger-Odoorn
637,9573,Borger-Odoorn
638,9571,Borger-Odoorn
639,9574,Borger-Odoorn
640,7876,Borger-Odoorn
641,7873,Borger-Odoorn
642,7625,Borne
643,7626,Borne
644,7621,Borne
645,7623,Borne
646,7622,Borne
647,4434,Borsele
648,4451,Borsele
649,4453,Borsele
650,4455,Borsele
651,4438,Borsele
652,4436,Borsele
653,4454,Borsele
654,4441,Borsele
655,4443,Borsele
656,4435,Borsele
657,4444,Borsele
658,4431,Borsele
659,4433,Borsele
660,4437,Borsele
661,4456,Borsele
662,5283,Boxtel
663,5298,Boxtel
664,5281,Boxtel
665,5282,Boxtel
666,5296,Boxtel
667,4836,Breda
668,4824,Breda
669,4835,Breda
670,4811,Breda
671,4812,Breda
672,4813,Breda
673,4817,Breda
674,4814,Breda
675,4816,Breda
676,4847,Breda
677,4815,Breda
678,4826,Breda
679,4834,Breda
680,4838,Breda
681,4819,Breda
682,4822,Breda
683,4827,Breda
684,4837,Breda
685,4839,Breda
686,4823,Breda
687,4825,Breda
688,4841,Breda
689,4854,Breda
690,4851,Breda
691,4818,Breda
692,3231,Brielle
693,3237,Brielle
694,3232,Brielle
695,3238,Brielle
696,7256,Bronckhorst
697,7233,Bronckhorst
698,7234,Bronckhorst
699,7224,Bronckhorst
700,7226,Bronckhorst
701,7227,Bronckhorst
702,7223,Bronckhorst
703,6997,Bronckhorst
704,6996,Bronckhorst
705,7025,Bronckhorst
706,7255,Bronckhorst
707,7251,Bronckhorst
708,7225,Bronckhorst
709,6998,Bronckhorst
710,7021,Bronckhorst
711,6999,Bronckhorst
712,7221,Bronckhorst
713,6974,Brummen
714,6971,Brummen
715,6961,Brummen
716,7399,Brummen
717,6964,Brummen
718,6975,Brummen
719,6441,Brunssum
720,6446,Brunssum
721,6445,Brunssum
722,6444,Brunssum
723,6443,Brunssum
724,6442,Brunssum
725,3981,Bunnik
726,3984,Bunnik
727,3985,Bunnik
728,3752,Bunschoten
729,3754,Bunschoten
730,3751,Bunschoten
731,4116,Buren
732,4119,Buren
733,4117,Buren
734,4033,Buren
735,4023,Buren
736,4021,Buren
737,4032,Buren
738,4024,Buren
739,4112,Buren
740,4031,Buren
741,4111,Buren
742,4012,Buren
743,4016,Buren
744,4011,Buren
745,4115,Buren
746,4197,Buren
747,2908,Capelle aan den IJssel
748,2909,Capelle aan den IJssel
749,2907,Capelle aan den IJssel
750,2904,Capelle aan den IJssel
751,2905,Capelle aan den IJssel
752,2903,Capelle aan den IJssel
753,2906,Capelle aan den IJssel
754,2902,Capelle aan den IJssel
755,2901,Capelle aan den IJssel
756,1901,Castricum
757,1902,Castricum
758,1906,Castricum
759,1921,Castricum
760,1489,Castricum
761,7861,Coevorden
762,7848,Coevorden
763,7851,Coevorden
764,7849,Coevorden
765,7855,Coevorden
766,7742,Coevorden
767,7917,Coevorden
768,7741,Coevorden
769,7853,Coevorden
770,7751,Coevorden
771,7854,Coevorden
772,7852,Coevorden
773,7856,Coevorden
774,7863,Coevorden
775,7929,Coevorden
776,7756,Coevorden
777,7755,Coevorden
778,7847,Coevorden
779,7845,Coevorden
780,7846,Coevorden
781,7753,Coevorden
782,7842,Coevorden
783,7843,Coevorden
784,7841,Coevorden
785,7864,Coevorden
786,7754,Coevorden
787,6028,Cranendonck
788,6023,Cranendonck
789,6027,Cranendonck
790,6026,Cranendonck
791,6024,Cranendonck
792,6021,Cranendonck
793,4101,Culemborg
794,4105,Culemborg
795,4102,Culemborg
796,4104,Culemborg
797,4103,Culemborg
798,4106,Culemborg
799,4107,Culemborg
800,7722,Dalfsen
801,7711,Dalfsen
802,7721,Dalfsen
803,8152,Dalfsen
804,8151,Dalfsen
805,8154,Dalfsen
806,8153,Dalfsen
807,9269,Dantumadiel
808,9106,Dantumadiel
809,9109,Dantumadiel
810,9067,Dantumadiel
811,9105,Dantumadiel
812,9114,Dantumadiel
813,9113,Dantumadiel
814,9108,Dantumadiel
815,9271,Dantumadiel
816,9104,Dantumadiel
817,3732,De Bilt
818,3737,De Bilt
819,3738,De Bilt
820,3731,De Bilt
821,3723,De Bilt
822,3722,De Bilt
823,3615,De Bilt
824,3721,De Bilt
825,3739,De Bilt
826,8501,De Fryske Marren
827,8525,De Fryske Marren
828,8507,De Fryske Marren
829,8493,De Fryske Marren
830,8564,De Fryske Marren
831,8508,De Fryske Marren
832,8517,De Fryske Marren
833,8521,De Fryske Marren
834,8524,De Fryske Marren
835,8523,De Fryske Marren
836,8536,De Fryske Marren
837,8535,De Fryske Marren
838,8534,De Fryske Marren
839,8532,De Fryske Marren
840,8505,De Fryske Marren
841,8506,De Fryske Marren
842,8511,De Fryske Marren
843,8515,De Fryske Marren
844,8514,De Fryske Marren
845,8531,De Fryske Marren
846,8516,De Fryske Marren
847,8522,De Fryske Marren
848,8528,De Fryske Marren
849,8542,De Fryske Marren
850,8526,De Fryske Marren
851,8573,De Fryske Marren
852,8581,De Fryske Marren
853,8582,De Fryske Marren
854,8502,De Fryske Marren
855,8565,De Fryske Marren
856,8527,De Fryske Marren
857,8563,De Fryske Marren
858,8561,De Fryske Marren
859,8538,De Fryske Marren
860,8537,De Fryske Marren
861,8513,De Fryske Marren
862,8512,De Fryske Marren
863,8503,De Fryske Marren
864,8567,De Fryske Marren
865,8574,De Fryske Marren
866,8541,De Fryske Marren
867,8462,De Fryske Marren
868,8461,De Fryske Marren
869,8463,De Fryske Marren
870,8539,De Fryske Marren
871,8571,De Fryske Marren
872,8464,De Fryske Marren
873,8572,De Fryske Marren
874,8465,De Fryske Marren
875,8467,De Fryske Marren
876,8583,De Fryske Marren
877,8466,De Fryske Marren
878,8556,De Fryske Marren
879,8566,De Fryske Marren
880,3643,De Ronde Venen
881,3646,De Ronde Venen
882,3642,De Ronde Venen
883,1391,De Ronde Venen
884,1396,De Ronde Venen
885,3648,De Ronde Venen
886,1427,De Ronde Venen
887,1426,De Ronde Venen
888,3645,De Ronde Venen
889,3641,De Ronde Venen
890,7932,De Wolden
891,7935,De Wolden
892,7927,De Wolden
893,7957,De Wolden
894,7926,De Wolden
895,7925,De Wolden
896,7964,De Wolden
897,7705,De Wolden
898,7961,De Wolden
899,7963,De Wolden
900,7924,De Wolden
901,7921,De Wolden
902,7958,De Wolden
903,2613,Delft
904,2626,Delft
905,2625,Delft
906,2627,Delft
907,2612,Delft
908,2611,Delft
909,2624,Delft
910,2614,Delft
911,2616,Delft
912,2623,Delft
913,2622,Delft
914,2629,Delft
915,2628,Delft
916,1789,Den Helder
917,1788,Den Helder
918,1787,Den Helder
919,1786,Den Helder
920,1784,Den Helder
921,1785,Den Helder
922,1781,Den Helder
923,1783,Den Helder
924,1782,Den Helder
925,5759,Deurne
926,5751,Deurne
927,5758,Deurne
928,5752,Deurne
929,5753,Deurne
930,5757,Deurne
931,5756,Deurne
932,5754,Deurne
933,7421,Deventer
934,7414,Deventer
935,7415,Deventer
936,7411,Deventer
937,7413,Deventer
938,7422,Deventer
939,7427,Deventer
940,7426,Deventer
941,7428,Deventer
942,7429,Deventer
943,7425,Deventer
944,7437,Deventer
945,7431,Deventer
946,7434,Deventer
947,7418,Deventer
948,7419,Deventer
949,7416,Deventer
950,7417,Deventer
951,7424,Deventer
952,7423,Deventer
953,7435,Deventer
954,7433,Deventer
955,7412,Deventer
956,1113,Diemen
957,1112,Diemen
958,1111,Diemen
959,1834,Dijk en Waard
960,1722,Dijk en Waard
961,1723,Dijk en Waard
962,1721,Dijk en Waard
963,1702,Dijk en Waard
964,1703,Dijk en Waard
965,1701,Dijk en Waard
966,1705,Dijk en Waard
967,1704,Dijk en Waard
968,1832,Dijk en Waard
969,1706,Dijk en Waard
970,7596,Dinkelland
971,7636,Dinkelland
972,7637,Dinkelland
973,7635,Dinkelland
974,7595,Dinkelland
975,7631,Dinkelland
976,7638,Dinkelland
977,7634,Dinkelland
978,7591,Dinkelland
979,7561,Dinkelland
980,7597,Dinkelland
981,6983,Doesburg
982,6984,Doesburg
983,6981,Doesburg
984,6982,Doesburg
985,7008,Doetinchem
986,7003,Doetinchem
987,7005,Doetinchem
988,7002,Doetinchem
989,7011,Doetinchem
990,7031,Doetinchem
991,7006,Doetinchem
992,7009,Doetinchem
993,7004,Doetinchem
994,7007,Doetinchem
995,7001,Doetinchem
996,5101,Dongen
997,5104,Dongen
998,5109,Dongen
999,5105,Dongen
1000,5102,Dongen
1001,5107,Dongen
1002,5106,Dongen
1003,5103,Dongen
1004,3328,Dordrecht
1005,3329,Dordrecht
1006,3319,Dordrecht
1007,3315,Dordrecht
1008,3312,Dordrecht
1009,3311,Dordrecht
1010,3313,Dordrecht
1011,3316,Dordrecht
1012,3318,Dordrecht
1013,3314,Dordrecht
1014,3317,Dordrecht
1015,1616,Drechterland
1016,1696,Drechterland
1017,1606,Drechterland
1018,1607,Drechterland
1019,1697,Drechterland
1020,1617,Drechterland
1021,1609,Drechterland
1022,1608,Drechterland
1023,4921,Drimmelen
1024,4766,Drimmelen
1025,4924,Drimmelen
1026,4845,Drimmelen
1027,4926,Drimmelen
1028,4844,Drimmelen
1029,4927,Drimmelen
1030,8254,Dronten
1031,8253,Dronten
1032,8255,Dronten
1033,8251,Dronten
1034,8256,Dronten
1035,8252,Dronten
1036,6651,Druten
1037,6631,Druten
1038,6655,Druten
1039,6652,Druten
1040,6653,Druten
1041,6654,Druten
1042,6922,Duiven
1043,6924,Duiven
1044,6923,Duiven
1045,6921,Duiven
1046,6116,Echt-Susteren
1047,6101,Echt-Susteren
1048,6102,Echt-Susteren
1049,6114,Echt-Susteren
1050,6118,Echt-Susteren
1051,6105,Echt-Susteren
1052,6104,Echt-Susteren
1053,6111,Echt-Susteren
1054,6112,Echt-Susteren
1055,1472,Edam-Volendam
1056,1132,Edam-Volendam
1057,1131,Edam-Volendam
1058,1473,Edam-Volendam
1059,1474,Edam-Volendam
1060,1477,Edam-Volendam
1061,1135,Edam-Volendam
1062,1475,Edam-Volendam
1063,1476,Edam-Volendam
1064,1481,Edam-Volendam
1065,1471,Edam-Volendam
1066,6877,Ede
1067,6741,Ede
1068,6733,Ede
1069,6718,Ede
1070,6717,Ede
1071,6716,Ede
1072,7352,Ede
1073,6714,Ede
1074,6713,Ede
1075,6715,Ede
1076,6711,Ede
1077,6721,Ede
1078,6731,Ede
1079,6732,Ede
1080,6744,Ede
1081,6745,Ede
1082,6712,Ede
1083,3755,Eemnes
1084,9924,Eemsdelta
1085,9922,Eemsdelta
1086,9919,Eemsdelta
1087,9918,Eemsdelta
1088,9992,Eemsdelta
1089,9937,Eemsdelta
1090,9936,Eemsdelta
1091,9993,Eemsdelta
1092,9923,Eemsdelta
1093,9906,Eemsdelta
1094,9931,Eemsdelta
1095,9908,Eemsdelta
1096,9911,Eemsdelta
1097,9914,Eemsdelta
1098,9912,Eemsdelta
1099,9913,Eemsdelta
1100,9902,Eemsdelta
1101,9905,Eemsdelta
1102,9917,Eemsdelta
1103,9909,Eemsdelta
1104,9907,Eemsdelta
1105,9904,Eemsdelta
1106,9903,Eemsdelta
1107,9915,Eemsdelta
1108,9921,Eemsdelta
1109,9901,Eemsdelta
1110,9991,Eemsdelta
1111,9994,Eemsdelta
1112,9934,Eemsdelta
1113,9948,Eemsdelta
1114,9946,Eemsdelta
1115,9949,Eemsdelta
1116,9987,Eemsdelta
1117,9933,Eemsdelta
1118,9932,Eemsdelta
1119,9945,Eemsdelta
1120,9947,Eemsdelta
1121,5513,Eersel
1122,5525,Eersel
1123,5512,Eersel
1124,5504,Eersel
1125,5524,Eersel
1126,5521,Eersel
1127,5511,Eersel
1128,6268,Eijsden-Margraten
1129,6252,Eijsden-Margraten
1130,6265,Eijsden-Margraten
1131,6255,Eijsden-Margraten
1132,6267,Eijsden-Margraten
1133,6245,Eijsden-Margraten
1134,6251,Eijsden-Margraten
1135,6307,Eijsden-Margraten
1136,6261,Eijsden-Margraten
1137,6247,Eijsden-Margraten
1138,6269,Eijsden-Margraten
1139,6262,Eijsden-Margraten
1140,5623,Eindhoven
1141,5625,Eindhoven
1142,5624,Eindhoven
1143,5627,Eindhoven
1144,5628,Eindhoven
1145,5629,Eindhoven
1146,5616,Eindhoven
1147,5612,Eindhoven
1148,5614,Eindhoven
1149,5613,Eindhoven
1150,5626,Eindhoven
1151,5622,Eindhoven
1152,5646,Eindhoven
1153,5652,Eindhoven
1154,5645,Eindhoven
1155,5644,Eindhoven
1156,5621,Eindhoven
1157,5617,Eindhoven
1158,5657,Eindhoven
1159,5642,Eindhoven
1160,5643,Eindhoven
1161,5651,Eindhoven
1162,5641,Eindhoven
1163,5655,Eindhoven
1164,5656,Eindhoven
1165,5631,Eindhoven
1166,5653,Eindhoven
1167,5647,Eindhoven
1168,5633,Eindhoven
1169,5654,Eindhoven
1170,5611,Eindhoven
1171,5615,Eindhoven
1172,5632,Eindhoven
1173,5658,Eindhoven
1174,8084,Elburg
1175,8085,Elburg
1176,8081,Elburg
1177,8082,Elburg
1178,7881,Emmen
1179,7891,Emmen
1180,7827,Emmen
1181,7894,Emmen
1182,7844,Emmen
1183,7812,Emmen
1184,7811,Emmen
1185,7764,Emmen
1186,7824,Emmen
1187,7823,Emmen
1188,7822,Emmen
1189,7885,Emmen
1190,7889,Emmen
1191,7766,Emmen
1192,7761,Emmen
1193,7821,Emmen
1194,7828,Emmen
1195,7815,Emmen
1196,7895,Emmen
1197,7892,Emmen
1198,7887,Emmen
1199,7765,Emmen
1200,7813,Emmen
1201,7814,Emmen
1202,7833,Emmen
1203,7825,Emmen
1204,7884,Emmen
1205,7831,Emmen
1206,7826,Emmen
1207,1601,Enkhuizen
1208,1602,Enkhuizen
1209,7522,Enschede
1210,7543,Enschede
1211,7513,Enschede
1212,7541,Enschede
1213,7511,Enschede
1214,7521,Enschede
1215,7514,Enschede
1216,7542,Enschede
1217,7512,Enschede
1218,7525,Enschede
1219,7545,Enschede
1220,7523,Enschede
1221,7535,Enschede
1222,7534,Enschede
1223,7533,Enschede
1224,7532,Enschede
1225,7531,Enschede
1226,7547,Enschede
1227,7548,Enschede
1228,7546,Enschede
1229,7536,Enschede
1230,7544,Enschede
1231,7524,Enschede
1232,8171,Epe
1233,8166,Epe
1234,8167,Epe
1235,8172,Epe
1236,8161,Epe
1237,8096,Epe
1238,8162,Epe
1239,3851,Ermelo
1240,3853,Ermelo
1241,3852,Ermelo
1242,4879,Etten-Leur
1243,4876,Etten-Leur
1244,4878,Etten-Leur
1245,4877,Etten-Leur
1246,4874,Etten-Leur
1247,4871,Etten-Leur
1248,4875,Etten-Leur
1249,4873,Etten-Leur
1250,4872,Etten-Leur
1251,4941,Geertruidenberg
1252,4931,Geertruidenberg
1253,4944,Geertruidenberg
1254,4942,Geertruidenberg
1255,5662,Geldrop-Mierlo
1256,5666,Geldrop-Mierlo
1257,5665,Geldrop-Mierlo
1258,5661,Geldrop-Mierlo
1259,5731,Geldrop-Mierlo
1260,5664,Geldrop-Mierlo
1261,5663,Geldrop-Mierlo
1262,5667,Geldrop-Mierlo
1263,5763,Gemert-Bakel
1264,5425,Gemert-Bakel
1265,5764,Gemert-Bakel
1266,5761,Gemert-Bakel
1267,5423,Gemert-Bakel
1268,5421,Gemert-Bakel
1269,5424,Gemert-Bakel
1270,5422,Gemert-Bakel
1271,6599,Gennep
1272,6595,Gennep
1273,6596,Gennep
1274,6591,Gennep
1275,6598,Gennep
1276,5124,Gilze en Rijen
1277,5126,Gilze en Rijen
1278,5121,Gilze en Rijen
1279,5125,Gilze en Rijen
1280,5122,Gilze en Rijen
1281,3249,Goeree-Overflakkee
1282,3253,Goeree-Overflakkee
1283,3245,Goeree-Overflakkee
1284,3244,Goeree-Overflakkee
1285,3255,Goeree-Overflakkee
1286,3258,Goeree-Overflakkee
1287,3257,Goeree-Overflakkee
1288,3256,Goeree-Overflakkee
1289,3241,Goeree-Overflakkee
1290,3251,Goeree-Overflakkee
1291,3248,Goeree-Overflakkee
1292,3243,Goeree-Overflakkee
1293,3247,Goeree-Overflakkee
1294,3252,Goeree-Overflakkee
1295,4462,Goes
1296,4463,Goes
1297,4461,Goes
1298,4458,Goes
1299,4464,Goes
1300,4471,Goes
1301,4481,Goes
1302,4475,Goes
1303,4472,Goes
1304,4474,Goes
1305,4465,Goes
1306,5052,Goirle
1307,5053,Goirle
1308,5051,Goirle
1309,5133,Goirle
1310,1405,Gooise Meren
1311,1411,Gooise Meren
1312,1412,Gooise Meren
1313,1403,Gooise Meren
1314,1406,Gooise Meren
1315,1401,Gooise Meren
1316,1398,Gooise Meren
1317,1399,Gooise Meren
1318,1404,Gooise Meren
1319,1402,Gooise Meren
1320,4206,Gorinchem
1321,4205,Gorinchem
1322,4201,Gorinchem
1323,4204,Gorinchem
1324,4203,Gorinchem
1325,4202,Gorinchem
1326,4207,Gorinchem
1327,4208,Gorinchem
1328,4213,Gorinchem
1329,2805,Gouda
1330,2801,Gouda
1331,2803,Gouda
1332,2802,Gouda
1333,2804,Gouda
1334,2806,Gouda
1335,2808,Gouda
1336,2807,Gouda
1337,2809,Gouda
1338,9736,Groningen
1339,9728,Groningen
1340,9479,Groningen
1341,9718,Groningen
1342,9721,Groningen
1343,9735,Groningen
1344,9714,Groningen
1345,9716,Groningen
1346,9722,Groningen
1347,9717,Groningen
1348,9723,Groningen
1349,9715,Groningen
1350,9796,Groningen
1351,9712,Groningen
1352,9798,Groningen
1353,9791,Groningen
1354,9795,Groningen
1355,9797,Groningen
1356,9793,Groningen
1357,9794,Groningen
1358,9792,Groningen
1359,9733,Groningen
1360,9732,Groningen
1361,9711,Groningen
1362,9613,Groningen
1363,9752,Groningen
1364,9756,Groningen
1365,9755,Groningen
1366,9725,Groningen
1367,9724,Groningen
1368,9727,Groningen
1369,9734,Groningen
1370,9614,Groningen
1371,9622,Groningen
1372,9726,Groningen
1373,9753,Groningen
1374,9731,Groningen
1375,9742,Groningen
1376,9737,Groningen
1377,9738,Groningen
1378,9743,Groningen
1379,9744,Groningen
1380,9746,Groningen
1381,9713,Groningen
1382,9751,Groningen
1383,9745,Groningen
1384,9741,Groningen
1385,9747,Groningen
1386,6278,Gulpen-Wittem
1387,6289,Gulpen-Wittem
1388,6276,Gulpen-Wittem
1389,6274,Gulpen-Wittem
1390,6273,Gulpen-Wittem
1391,6277,Gulpen-Wittem
1392,6271,Gulpen-Wittem
1393,6321,Gulpen-Wittem
1394,6286,Gulpen-Wittem
1395,6285,Gulpen-Wittem
1396,6287,Gulpen-Wittem
1397,6281,Gulpen-Wittem
1398,7483,Haaksbergen
1399,7482,Haaksbergen
1400,7481,Haaksbergen
1401,2037,Haarlem
1402,2011,Haarlem
1403,2033,Haarlem
1404,2035,Haarlem
1405,2034,Haarlem
1406,2036,Haarlem
1407,2013,Haarlem
1408,2019,Haarlem
1409,2024,Haarlem
1410,2026,Haarlem
1411,2063,Haarlem
1412,2012,Haarlem
1413,2032,Haarlem
1414,2015,Haarlem
1415,2021,Haarlem
1416,2022,Haarlem
1417,2023,Haarlem
1418,2025,Haarlem
1419,2031,Haarlem
1420,2014,Haarlem
1421,2142,Haarlemmermeer
1422,2158,Haarlemmermeer
1423,2141,Haarlemmermeer
1424,2135,Haarlemmermeer
1425,2136,Haarlemmermeer
1426,2151,Haarlemmermeer
1427,2153,Haarlemmermeer
1428,1165,Haarlemmermeer
1429,2165,Haarlemmermeer
1430,1171,Haarlemmermeer
1431,1437,Haarlemmermeer
1432,1436,Haarlemmermeer
1433,1435,Haarlemmermeer
1434,1161,Haarlemmermeer
1435,1118,Haarlemmermeer
1436,1117,Haarlemmermeer
1437,2134,Haarlemmermeer
1438,2131,Haarlemmermeer
1439,1175,Haarlemmermeer
1440,1119,Haarlemmermeer
1441,2132,Haarlemmermeer
1442,2065,Haarlemmermeer
1443,2157,Haarlemmermeer
1444,2155,Haarlemmermeer
1445,2156,Haarlemmermeer
1446,2154,Haarlemmermeer
1447,2143,Haarlemmermeer
1448,2144,Haarlemmermeer
1449,2133,Haarlemmermeer
1450,1438,Haarlemmermeer
1451,2152,Haarlemmermeer
1452,2064,Haarlemmermeer
1453,4751,Halderberge
1454,4744,Halderberge
1455,4754,Halderberge
1456,4741,Halderberge
1457,4731,Halderberge
1458,7692,Hardenberg
1459,7693,Hardenberg
1460,7702,Hardenberg
1461,7695,Hardenberg
1462,7694,Hardenberg
1463,7775,Hardenberg
1464,7773,Hardenberg
1465,7777,Hardenberg
1466,7784,Hardenberg
1467,7776,Hardenberg
1468,7792,Hardenberg
1469,7794,Hardenberg
1470,7778,Hardenberg
1471,7701,Hardenberg
1472,7781,Hardenberg
1473,7793,Hardenberg
1474,7788,Hardenberg
1475,7791,Hardenberg
1476,7696,Hardenberg
1477,7779,Hardenberg
1478,7782,Hardenberg
1479,7787,Hardenberg
1480,7691,Hardenberg
1481,7707,Hardenberg
1482,7783,Hardenberg
1483,7771,Hardenberg
1484,7772,Hardenberg
1485,7797,Hardenberg
1486,7795,Hardenberg
1487,7796,Hardenberg
1488,7786,Hardenberg
1489,7785,Hardenberg
1490,7798,Hardenberg
1491,3846,Harderwijk
1492,3848,Harderwijk
1493,3841,Harderwijk
1494,3847,Harderwijk
1495,3849,Harderwijk
1496,3844,Harderwijk
1497,3845,Harderwijk
1498,3842,Harderwijk
1499,3843,Harderwijk
1500,3371,Hardinxveld-Giessendam
1501,3372,Hardinxveld-Giessendam
1502,3373,Hardinxveld-Giessendam
1503,8861,Harlingen
1504,8857,Harlingen
1505,8872,Harlingen
1506,8862,Harlingen
1507,8871,Harlingen
1508,8052,Hattem
1509,8051,Hattem
1510,1965,Heemskerk
1511,1963,Heemskerk
1512,1964,Heemskerk
1513,1967,Heemskerk
1514,1968,Heemskerk
1515,1961,Heemskerk
1516,1969,Heemskerk
1517,1966,Heemskerk
1518,1962,Heemskerk
1519,2104,Heemstede
1520,2101,Heemstede
1521,2105,Heemstede
1522,2106,Heemstede
1523,2103,Heemstede
1524,2102,Heemstede
1525,8194,Heerde
1526,8191,Heerde
1527,8181,Heerde
1528,8193,Heerde
1529,8454,Heerenveen
1530,8495,Heerenveen
1531,8443,Heerenveen
1532,8444,Heerenveen
1533,8415,Heerenveen
1534,8446,Heerenveen
1535,8451,Heerenveen
1536,8445,Heerenveen
1537,8447,Heerenveen
1538,8413,Heerenveen
1539,8449,Heerenveen
1540,8448,Heerenveen
1541,8442,Heerenveen
1542,8414,Heerenveen
1543,8494,Heerenveen
1544,8455,Heerenveen
1545,8441,Heerenveen
1546,8411,Heerenveen
1547,8412,Heerenveen
1548,8456,Heerenveen
1549,8458,Heerenveen
1550,8468,Heerenveen
1551,8459,Heerenveen
1552,8457,Heerenveen
1553,8491,Heerenveen
1554,8453,Heerenveen
1555,8452,Heerenveen
1556,8469,Heerenveen
1557,6417,Heerlen
1558,6414,Heerlen
1559,6413,Heerlen
1560,6415,Heerlen
1561,6416,Heerlen
1562,6418,Heerlen
1563,6411,Heerlen
1564,6431,Heerlen
1565,6421,Heerlen
1566,6422,Heerlen
1567,6419,Heerlen
1568,6432,Heerlen
1569,6412,Heerlen
1570,6433,Heerlen
1571,6029,Heeze-Leende
1572,5595,Heeze-Leende
1573,5591,Heeze-Leende
1574,1853,Heiloo
1575,1852,Heiloo
1576,1851,Heiloo
1577,7443,Hellendoorn
1578,7447,Hellendoorn
1579,7688,Hellendoorn
1580,7448,Hellendoorn
1581,7687,Hellendoorn
1582,7441,Hellendoorn
1583,7442,Hellendoorn
1584,3221,Hellevoetsluis
1585,3227,Hellevoetsluis
1586,3223,Hellevoetsluis
1587,3224,Hellevoetsluis
1588,3222,Hellevoetsluis
1589,3225,Hellevoetsluis
1590,5702,Helmond
1591,5704,Helmond
1592,5705,Helmond
1593,5708,Helmond
1594,5706,Helmond
1595,5709,Helmond
1596,5707,Helmond
1597,5703,Helmond
1598,5701,Helmond
1599,3343,Hendrik-Ido-Ambacht
1600,3342,Hendrik-Ido-Ambacht
1601,3341,Hendrik-Ido-Ambacht
1602,3344,Hendrik-Ido-Ambacht
1603,7553,Hengelo
1604,7551,Hengelo
1605,7554,Hengelo
1606,7555,Hengelo
1607,7557,Hengelo
1608,7556,Hengelo
1609,7559,Hengelo
1610,7558,Hengelo
1611,7552,Hengelo
1612,9951,Het Hogeland
1613,9953,Het Hogeland
1614,9962,Het Hogeland
1615,9963,Het Hogeland
1616,9961,Het Hogeland
1617,9972,Het Hogeland
1618,9959,Het Hogeland
1619,9988,Het Hogeland
1620,9996,Het Hogeland
1621,9999,Het Hogeland
1622,9998,Het Hogeland
1623,9997,Het Hogeland
1624,9785,Het Hogeland
1625,9781,Het Hogeland
1626,9986,Het Hogeland
1627,9771,Het Hogeland
1628,9774,Het Hogeland
1629,9784,Het Hogeland
1630,9925,Het Hogeland
1631,9995,Het Hogeland
1632,9989,Het Hogeland
1633,9964,Het Hogeland
1634,9981,Het Hogeland
1635,9773,Het Hogeland
1636,9982,Het Hogeland
1637,9984,Het Hogeland
1638,9971,Het Hogeland
1639,9957,Het Hogeland
1640,9956,Het Hogeland
1641,9965,Het Hogeland
1642,9955,Het Hogeland
1643,9967,Het Hogeland
1644,9966,Het Hogeland
1645,9968,Het Hogeland
1646,9985,Het Hogeland
1647,9976,Het Hogeland
1648,9977,Het Hogeland
1649,9975,Het Hogeland
1650,9954,Het Hogeland
1651,9979,Het Hogeland
1652,9978,Het Hogeland
1653,9974,Het Hogeland
1654,9969,Het Hogeland
1655,9973,Het Hogeland
1656,9983,Het Hogeland
1657,6582,Heumen
1658,6612,Heumen
1659,6611,Heumen
1660,6581,Heumen
1661,5252,Heusden
1662,5255,Heusden
1663,5157,Heusden
1664,5156,Heusden
1665,5253,Heusden
1666,5254,Heusden
1667,5256,Heusden
1668,5154,Heusden
1669,5257,Heusden
1670,5158,Heusden
1671,5152,Heusden
1672,5151,Heusden
1673,5251,Heusden
1674,2181,Hillegom
1675,2182,Hillegom
1676,5091,Hilvarenbeek
1677,5084,Hilvarenbeek
1678,5089,Hilvarenbeek
1679,5087,Hilvarenbeek
1680,5085,Hilvarenbeek
1681,5081,Hilvarenbeek
1682,1212,Hilversum
1683,1214,Hilversum
1684,1211,Hilversum
1685,1213,Hilversum
1686,1221,Hilversum
1687,1215,Hilversum
1688,1223,Hilversum
1689,1218,Hilversum
1690,1217,Hilversum
1691,1216,Hilversum
1692,1222,Hilversum
1693,3261,Hoeksche Waard
1694,3265,Hoeksche Waard
1695,3273,Hoeksche Waard
1696,3267,Hoeksche Waard
1697,3271,Hoeksche Waard
1698,3262,Hoeksche Waard
1699,3264,Hoeksche Waard
1700,3263,Hoeksche Waard
1701,3299,Hoeksche Waard
1702,3297,Hoeksche Waard
1703,3295,Hoeksche Waard
1704,3284,Hoeksche Waard
1705,3292,Hoeksche Waard
1706,3293,Hoeksche Waard
1707,3281,Hoeksche Waard
1708,3274,Hoeksche Waard
1709,3291,Hoeksche Waard
1710,3286,Hoeksche Waard
1711,7478,Hof van Twente
1712,7491,Hof van Twente
1713,7471,Hof van Twente
1714,7472,Hof van Twente
1715,7497,Hof van Twente
1716,7496,Hof van Twente
1717,7475,Hof van Twente
1718,7495,Hof van Twente
1719,1771,Hollands Kroon
1720,1732,Hollands Kroon
1721,1731,Hollands Kroon
1722,1775,Hollands Kroon
1723,1761,Hollands Kroon
1724,1779,Hollands Kroon
1725,1769,Hollands Kroon
1726,1768,Hollands Kroon
1727,1773,Hollands Kroon
1728,1774,Hollands Kroon
1729,1764,Hollands Kroon
1730,1767,Hollands Kroon
1731,1766,Hollands Kroon
1732,1778,Hollands Kroon
1733,1735,Hollands Kroon
1734,1734,Hollands Kroon
1735,1736,Hollands Kroon
1736,1733,Hollands Kroon
1737,1777,Hollands Kroon
1738,7902,Hoogeveen
1739,7901,Hoogeveen
1740,7907,Hoogeveen
1741,7903,Hoogeveen
1742,7905,Hoogeveen
1743,7914,Hoogeveen
1744,7909,Hoogeveen
1745,7908,Hoogeveen
1746,7912,Hoogeveen
1747,7913,Hoogeveen
1748,7904,Hoogeveen
1749,7906,Hoogeveen
1750,7931,Hoogeveen
1751,7918,Hoogeveen
1752,7911,Hoogeveen
1753,7916,Hoogeveen
1754,7934,Hoogeveen
1755,7933,Hoogeveen
1756,7936,Hoogeveen
1757,7915,Hoogeveen
1758,1622,Hoorn
1759,1627,Hoorn
1760,1628,Hoorn
1761,1625,Hoorn
1762,1623,Hoorn
1763,1624,Hoorn
1764,1695,Hoorn
1765,1689,Hoorn
1766,1621,Hoorn
1767,5864,Horst aan de Maas
1768,5866,Horst aan de Maas
1769,5871,Horst aan de Maas
1770,5872,Horst aan de Maas
1771,5865,Horst aan de Maas
1772,5971,Horst aan de Maas
1773,5977,Horst aan de Maas
1774,5966,Horst aan de Maas
1775,5961,Horst aan de Maas
1776,5963,Horst aan de Maas
1777,5973,Horst aan de Maas
1778,5975,Horst aan de Maas
1779,5964,Horst aan de Maas
1780,5766,Horst aan de Maas
1781,5976,Horst aan de Maas
1782,5962,Horst aan de Maas
1783,3994,Houten
1784,3998,Houten
1785,3993,Houten
1786,3991,Houten
1787,3997,Houten
1788,3999,Houten
1789,3992,Houten
1790,3995,Houten
1791,1273,Huizen
1792,1271,Huizen
1793,1275,Huizen
1794,1277,Huizen
1795,1272,Huizen
1796,1276,Huizen
1797,1274,Huizen
1798,4569,Hulst
1799,4568,Hulst
1800,4589,Hulst
1801,4581,Hulst
1802,4587,Hulst
1803,4586,Hulst
1804,4584,Hulst
1805,4564,Hulst
1806,4562,Hulst
1807,4561,Hulst
1808,4567,Hulst
1809,4566,Hulst
1810,4565,Hulst
1811,4583,Hulst
1812,4585,Hulst
1813,4588,Hulst
1814,3404,IJsselstein
1815,3401,IJsselstein
1816,3402,IJsselstein
1817,3403,IJsselstein
1818,2377,Kaag en Braassem
1819,2451,Kaag en Braassem
1820,2355,Kaag en Braassem
1821,2376,Kaag en Braassem
1822,2374,Kaag en Braassem
1823,2481,Kaag en Braassem
1824,2159,Kaag en Braassem
1825,2465,Kaag en Braassem
1826,2375,Kaag en Braassem
1827,2371,Kaag en Braassem
1828,8267,Kampen
1829,8271,Kampen
1830,8263,Kampen
1831,8265,Kampen
1832,8264,Kampen
1833,8274,Kampen
1834,8261,Kampen
1835,8262,Kampen
1836,8277,Kampen
1837,8293,Kampen
1838,8278,Kampen
1839,8275,Kampen
1840,8269,Kampen
1841,8266,Kampen
1842,8276,Kampen
1843,4421,Kapelle
1844,4424,Kapelle
1845,4423,Kapelle
1846,4482,Kapelle
1847,2236,Katwijk
1848,2224,Katwijk
1849,2225,Katwijk
1850,2223,Katwijk
1851,2231,Katwijk
1852,2232,Katwijk
1853,2235,Katwijk
1854,2221,Katwijk
1855,2222,Katwijk
1856,6468,Kerkrade
1857,6467,Kerkrade
1858,6465,Kerkrade
1859,6466,Kerkrade
1860,6464,Kerkrade
1861,6463,Kerkrade
1862,6462,Kerkrade
1863,6471,Kerkrade
1864,6461,Kerkrade
1865,6469,Kerkrade
1866,1648,Koggenland
1867,1633,Koggenland
1868,1713,Koggenland
1869,1641,Koggenland
1870,1631,Koggenland
1871,1647,Koggenland
1872,1634,Koggenland
1873,1643,Koggenland
1874,1652,Koggenland
1875,1711,Koggenland
1876,1642,Koggenland
1877,1645,Koggenland
1878,2923,Krimpen aan den IJssel
1879,2922,Krimpen aan den IJssel
1880,2926,Krimpen aan den IJssel
1881,2921,Krimpen aan den IJssel
1882,2925,Krimpen aan den IJssel
1883,2924,Krimpen aan den IJssel
1884,2861,Krimpenerwaard
1885,2931,Krimpenerwaard
1886,2855,Krimpenerwaard
1887,2872,Krimpenerwaard
1888,2865,Krimpenerwaard
1889,2831,Krimpenerwaard
1890,2851,Krimpenerwaard
1891,2821,Krimpenerwaard
1892,2825,Krimpenerwaard
1893,2935,Krimpenerwaard
1894,2871,Krimpenerwaard
1895,2941,Krimpenerwaard
1896,5737,Laarbeek
1897,5741,Laarbeek
1898,5735,Laarbeek
1899,5738,Laarbeek
1900,5455,Land van Cuijk
1901,5825,Land van Cuijk
1902,5437,Land van Cuijk
1903,5446,Land van Cuijk
1904,5445,Land van Cuijk
1905,5443,Land van Cuijk
1906,5451,Land van Cuijk
1907,5447,Land van Cuijk
1908,5846,Land van Cuijk
1909,5449,Land van Cuijk
1910,5824,Land van Cuijk
1911,5439,Land van Cuijk
1912,5438,Land van Cuijk
1913,5441,Land van Cuijk
1914,5454,Land van Cuijk
1915,5433,Land van Cuijk
1916,5434,Land van Cuijk
1917,5844,Land van Cuijk
1918,5435,Land van Cuijk
1919,5431,Land van Cuijk
1920,5845,Land van Cuijk
1921,5843,Land van Cuijk
1922,5836,Land van Cuijk
1923,5841,Land van Cuijk
1924,5835,Land van Cuijk
1925,5831,Land van Cuijk
1926,5361,Land van Cuijk
1927,5363,Land van Cuijk
1928,5453,Land van Cuijk
1929,5432,Land van Cuijk
1930,5364,Land van Cuijk
1931,5826,Land van Cuijk
1932,5827,Land van Cuijk
1933,5823,Land van Cuijk
1934,5821,Land van Cuijk
1935,6371,Landgraaf
1936,6373,Landgraaf
1937,6367,Landgraaf
1938,6374,Landgraaf
1939,6372,Landgraaf
1940,1451,Landsmeer
1941,1121,Landsmeer
1942,1127,Landsmeer
1943,2661,Lansingerland
1944,2665,Lansingerland
1945,2652,Lansingerland
1946,2651,Lansingerland
1947,2662,Lansingerland
1948,1251,Laren
1949,1252,Laren
1950,8937,Leeuwarden
1951,9054,Leeuwarden
1952,9053,Leeuwarden
1953,9071,Leeuwarden
1954,9081,Leeuwarden
1955,9082,Leeuwarden
1956,8834,Leeuwarden
1957,8832,Leeuwarden
1958,9084,Leeuwarden
1959,9026,Leeuwarden
1960,9008,Leeuwarden
1961,9024,Leeuwarden
1962,9023,Leeuwarden
1963,9022,Leeuwarden
1964,9003,Leeuwarden
1965,9004,Leeuwarden
1966,9009,Leeuwarden
1967,9007,Leeuwarden
1968,9006,Leeuwarden
1969,9086,Leeuwarden
1970,9025,Leeuwarden
1971,9087,Leeuwarden
1972,9085,Leeuwarden
1973,8835,Leeuwarden
1974,8933,Leeuwarden
1975,8921,Leeuwarden
1976,8925,Leeuwarden
1977,8917,Leeuwarden
1978,8926,Leeuwarden
1979,8918,Leeuwarden
1980,8927,Leeuwarden
1981,8919,Leeuwarden
1982,8923,Leeuwarden
1983,8924,Leeuwarden
1984,8922,Leeuwarden
1985,8931,Leeuwarden
1986,9083,Leeuwarden
1987,9088,Leeuwarden
1988,9089,Leeuwarden
1989,9051,Leeuwarden
1990,9055,Leeuwarden
1991,9056,Leeuwarden
1992,9057,Leeuwarden
1993,8941,Leeuwarden
1994,8932,Leeuwarden
1995,8916,Leeuwarden
1996,9001,Leeuwarden
1997,8833,Leeuwarden
1998,8934,Leeuwarden
1999,8911,Leeuwarden
2000,8913,Leeuwarden
2001,8915,Leeuwarden
2002,8914,Leeuwarden
2003,8935,Leeuwarden
2004,8912,Leeuwarden
2005,9027,Leeuwarden
2006,9011,Leeuwarden
2007,8939,Leeuwarden
2008,8938,Leeuwarden
2009,8936,Leeuwarden
2010,9005,Leeuwarden
2011,2318,Leiden
2012,2334,Leiden
2013,2333,Leiden
2014,2323,Leiden
2015,2324,Leiden
2016,2321,Leiden
2017,2314,Leiden
2018,2316,Leiden
2019,2311,Leiden
2020,2313,Leiden
2021,2312,Leiden
2022,2331,Leiden
2023,2332,Leiden
2024,2315,Leiden
2025,2322,Leiden
2026,2317,Leiden
2027,2352,Leiderdorp
2028,2351,Leiderdorp
2029,2353,Leiderdorp
2030,2272,Leidschendam-Voorburg
2031,2261,Leidschendam-Voorburg
2032,2262,Leidschendam-Voorburg
2033,2275,Leidschendam-Voorburg
2034,2264,Leidschendam-Voorburg
2035,2267,Leidschendam-Voorburg
2036,2271,Leidschendam-Voorburg
2037,2273,Leidschendam-Voorburg
2038,2266,Leidschendam-Voorburg
2039,2265,Leidschendam-Voorburg
2040,2274,Leidschendam-Voorburg
2041,2263,Leidschendam-Voorburg
2042,8222,Lelystad
2043,8221,Lelystad
2044,8226,Lelystad
2045,8212,Lelystad
2046,8243,Lelystad
2047,8223,Lelystad
2048,8224,Lelystad
2049,8219,Lelystad
2050,8225,Lelystad
2051,8232,Lelystad
2052,8211,Lelystad
2053,8233,Lelystad
2054,8242,Lelystad
2055,8239,Lelystad
2056,8245,Lelystad
2057,8244,Lelystad
2058,8241,Lelystad
2059,8231,Lelystad
2060,8218,Lelystad
2061,6086,Leudal
2062,6081,Leudal
2063,6085,Leudal
2064,6088,Leudal
2065,6083,Leudal
2066,6082,Leudal
2067,6014,Leudal
2068,6015,Leudal
2069,6012,Leudal
2070,6011,Leudal
2071,6037,Leudal
2072,6013,Leudal
2073,6096,Leudal
2074,6089,Leudal
2075,6095,Leudal
2076,6093,Leudal
2077,3791,Leusden
2078,3832,Leusden
2079,3831,Leusden
2080,3833,Leusden
2081,3835,Leusden
2082,3834,Leusden
2083,6687,Lingewaard
2084,6684,Lingewaard
2085,6852,Lingewaard
2086,6681,Lingewaard
2087,6691,Lingewaard
2088,6851,Lingewaard
2089,6686,Lingewaard
2090,6685,Lingewaard
2091,2162,Lisse
2092,2161,Lisse
2093,2163,Lisse
2094,7242,Lochem
2095,7244,Lochem
2096,7214,Lochem
2097,7216,Lochem
2098,7215,Lochem
2099,7213,Lochem
2100,7217,Lochem
2101,7218,Lochem
2102,7211,Lochem
2103,7241,Lochem
2104,7245,Lochem
2105,5171,Loon op Zand
2106,5172,Loon op Zand
2107,5175,Loon op Zand
2108,5176,Loon op Zand
2109,3415,Lopik
2110,3413,Lopik
2111,3405,Lopik
2112,3412,Lopik
2113,3411,Lopik
2114,7588,Losser
2115,7587,Losser
2116,7581,Losser
2117,7586,Losser
2118,7585,Losser
2119,7582,Losser
2120,5327,Maasdriel
2121,5324,Maasdriel
2122,5321,Maasdriel
2123,5335,Maasdriel
2124,6624,Maasdriel
2125,5331,Maasdriel
2126,5325,Maasdriel
2127,5334,Maasdriel
2128,5333,Maasdriel
2129,5328,Maasdriel
2130,6017,Maasgouw
2131,6107,Maasgouw
2132,6051,Maasgouw
2133,6109,Maasgouw
2134,6099,Maasgouw
2135,6067,Maasgouw
2136,6097,Maasgouw
2137,6019,Maasgouw
2138,5375,Maashorst
2139,5411,Maashorst
2140,5409,Maashorst
2141,5374,Maashorst
2142,5401,Maashorst
2143,5405,Maashorst
2144,5408,Maashorst
2145,5402,Maashorst
2146,5406,Maashorst
2147,5404,Maashorst
2148,5403,Maashorst
2149,3144,Maassluis
2150,3143,Maassluis
2151,3141,Maassluis
2152,3147,Maassluis
2153,3142,Maassluis
2154,3145,Maassluis
2155,3146,Maassluis
2156,6214,Maastricht
2157,6219,Maastricht
2158,6223,Maastricht
2159,6213,Maastricht
2160,6221,Maastricht
2161,6215,Maastricht
2162,6229,Maastricht
2163,6228,Maastricht
2164,6227,Maastricht
2165,6216,Maastricht
2166,6212,Maastricht
2167,6211,Maastricht
2168,6218,Maastricht
2169,6217,Maastricht
2170,6224,Maastricht
2171,6222,Maastricht
2172,6225,Maastricht
2173,6226,Maastricht
2174,1678,Medemblik
2175,1654,Medemblik
2176,1657,Medemblik
2177,1671,Medemblik
2178,1676,Medemblik
2179,1679,Medemblik
2180,1655,Medemblik
2181,1658,Medemblik
2182,1693,Medemblik
2183,1688,Medemblik
2184,1691,Medemblik
2185,1619,Medemblik
2186,1681,Medemblik
2187,1682,Medemblik
2188,1683,Medemblik
2189,1684,Medemblik
2190,1685,Medemblik
2191,1686,Medemblik
2192,1674,Medemblik
2193,1687,Medemblik
2194,1692,Medemblik
2195,6231,Meerssen
2196,6243,Meerssen
2197,6235,Meerssen
2198,6237,Meerssen
2199,6241,Meerssen
2200,5464,Meierijstad
2201,5467,Meierijstad
2202,5491,Meierijstad
2203,5492,Meierijstad
2204,5461,Meierijstad
2205,5482,Meierijstad
2206,5481,Meierijstad
2207,5466,Meierijstad
2208,5465,Meierijstad
2209,5462,Meierijstad
2210,5463,Meierijstad
2211,5469,Meierijstad
2212,7966,Meppel
2213,7942,Meppel
2214,7965,Meppel
2215,7948,Meppel
2216,7944,Meppel
2217,7941,Meppel
2218,7949,Meppel
2219,7943,Meppel
2220,4335,Middelburg
2221,4334,Middelburg
2222,4336,Middelburg
2223,4339,Middelburg
2224,4338,Middelburg
2225,4333,Middelburg
2226,4341,Middelburg
2227,4337,Middelburg
2228,4332,Middelburg
2229,4331,Middelburg
2230,2636,Midden-Delfland
2231,2635,Midden-Delfland
2232,3155,Midden-Delfland
2233,9436,Midden-Drenthe
2234,7928,Midden-Drenthe
2235,9441,Midden-Drenthe
2236,9432,Midden-Drenthe
2237,9442,Midden-Drenthe
2238,9416,Midden-Drenthe
2239,7937,Midden-Drenthe
2240,9415,Midden-Drenthe
2241,9433,Midden-Drenthe
2242,9435,Midden-Drenthe
2243,9434,Midden-Drenthe
2244,9439,Midden-Drenthe
2245,9438,Midden-Drenthe
2246,9437,Midden-Drenthe
2247,9421,Midden-Drenthe
2248,7910,Midden-Drenthe
2249,9412,Midden-Drenthe
2250,9431,Midden-Drenthe
2251,9414,Midden-Drenthe
2252,9413,Midden-Drenthe
2253,9422,Midden-Drenthe
2254,9419,Midden-Drenthe
2255,9418,Midden-Drenthe
2256,7938,Midden-Drenthe
2257,9411,Midden-Drenthe
2258,9625,Midden-Groningen
2259,9623,Midden-Groningen
2260,9607,Midden-Groningen
2261,9629,Midden-Groningen
2262,9632,Midden-Groningen
2263,9651,Midden-Groningen
2264,9649,Midden-Groningen
2265,9609,Midden-Groningen
2266,9602,Midden-Groningen
2267,9633,Midden-Groningen
2268,9601,Midden-Groningen
2269,9606,Midden-Groningen
2270,9608,Midden-Groningen
2271,9603,Midden-Groningen
2272,9621,Midden-Groningen
2273,9939,Midden-Groningen
2274,9626,Midden-Groningen
2275,9605,Midden-Groningen
2276,9611,Midden-Groningen
2277,9627,Midden-Groningen
2278,9624,Midden-Groningen
2279,9617,Midden-Groningen
2280,9615,Midden-Groningen
2281,9616,Midden-Groningen
2282,9619,Midden-Groningen
2283,9618,Midden-Groningen
2284,9628,Midden-Groningen
2285,9635,Midden-Groningen
2286,9636,Midden-Groningen
2287,4758,Moerdijk
2288,4772,Moerdijk
2289,4761,Moerdijk
2290,4765,Moerdijk
2291,4762,Moerdijk
2292,4759,Moerdijk
2293,4791,Moerdijk
2294,4793,Moerdijk
2295,4797,Moerdijk
2296,4794,Moerdijk
2297,4796,Moerdijk
2298,4782,Moerdijk
2299,4771,Moerdijk
2300,4781,Moerdijk
2301,2968,Molenlanden
2302,2965,Molenlanden
2303,2977,Molenlanden
2304,2969,Molenlanden
2305,2971,Molenlanden
2306,4241,Molenlanden
2307,2973,Molenlanden
2308,2974,Molenlanden
2309,2957,Molenlanden
2310,2959,Molenlanden
2311,2961,Molenlanden
2312,2964,Molenlanden
2313,4209,Molenlanden
2314,4221,Molenlanden
2315,4223,Molenlanden
2316,4225,Molenlanden
2317,2967,Molenlanden
2318,3381,Molenlanden
2319,3366,Molenlanden
2320,2975,Molenlanden
2321,6941,Montferland
2322,7045,Montferland
2323,7047,Montferland
2324,7046,Montferland
2325,7048,Montferland
2326,7039,Montferland
2327,7038,Montferland
2328,7037,Montferland
2329,7035,Montferland
2330,6942,Montferland
2331,7044,Montferland
2332,7036,Montferland
2333,7041,Montferland
2334,3417,Montfoort
2335,3461,Montfoort
2336,6587,Mook en Middelaar
2337,6585,Mook en Middelaar
2338,6584,Mook en Middelaar
2339,6586,Mook en Middelaar
2340,4041,Neder-Betuwe
2341,4043,Neder-Betuwe
2342,4051,Neder-Betuwe
2343,4053,Neder-Betuwe
2344,4054,Neder-Betuwe
2345,6669,Neder-Betuwe
2346,6092,Nederweert
2347,6091,Nederweert
2348,6031,Nederweert
2349,6035,Nederweert
2350,6034,Nederweert
2351,3436,Nieuwegein
2352,3434,Nieuwegein
2353,3439,Nieuwegein
2354,3432,Nieuwegein
2355,3435,Nieuwegein
2356,3431,Nieuwegein
2357,3438,Nieuwegein
2358,3433,Nieuwegein
2359,3437,Nieuwegein
2360,2432,Nieuwkoop
2361,2431,Nieuwkoop
2362,2441,Nieuwkoop
2363,3653,Nieuwkoop
2364,1428,Nieuwkoop
2365,2461,Nieuwkoop
2366,2435,Nieuwkoop
2367,3651,Nieuwkoop
2368,3652,Nieuwkoop
2369,2421,Nieuwkoop
2370,3863,Nijkerk
2371,3861,Nijkerk
2372,3864,Nijkerk
2373,3862,Nijkerk
2374,3871,Nijkerk
2375,6545,Nijmegen
2376,6544,Nijmegen
2377,6546,Nijmegen
2378,6532,Nijmegen
2379,6531,Nijmegen
2380,6525,Nijmegen
2381,6663,Nijmegen
2382,6574,Nijmegen
2383,6535,Nijmegen
2384,6522,Nijmegen
2385,6512,Nijmegen
2386,6511,Nijmegen
2387,6523,Nijmegen
2388,6515,Nijmegen
2389,6538,Nijmegen
2390,6524,Nijmegen
2391,6521,Nijmegen
2392,6542,Nijmegen
2393,6543,Nijmegen
2394,6537,Nijmegen
2395,6536,Nijmegen
2396,6533,Nijmegen
2397,6541,Nijmegen
2398,6534,Nijmegen
2399,3208,Nissewaard
2400,3201,Nissewaard
2401,3218,Nissewaard
2402,3212,Nissewaard
2403,3202,Nissewaard
2404,3206,Nissewaard
2405,3203,Nissewaard
2406,3205,Nissewaard
2407,3207,Nissewaard
2408,3209,Nissewaard
2409,3204,Nissewaard
2410,3216,Nissewaard
2411,3214,Nissewaard
2412,3211,Nissewaard
2413,9134,Noardeast-Fryslân
2414,9073,Noardeast-Fryslân
2415,9074,Noardeast-Fryslân
2416,9144,Noardeast-Fryslân
2417,9299,Noardeast-Fryslân
2418,9853,Noardeast-Fryslân
2419,9298,Noardeast-Fryslân
2420,9294,Noardeast-Fryslân
2421,9293,Noardeast-Fryslân
2422,9292,Noardeast-Fryslân
2423,9851,Noardeast-Fryslân
2424,9148,Noardeast-Fryslân
2425,9147,Noardeast-Fryslân
2426,9142,Noardeast-Fryslân
2427,9145,Noardeast-Fryslân
2428,9138,Noardeast-Fryslân
2429,9137,Noardeast-Fryslân
2430,9143,Noardeast-Fryslân
2431,9141,Noardeast-Fryslân
2432,9151,Noardeast-Fryslân
2433,9174,Noardeast-Fryslân
2434,9173,Noardeast-Fryslân
2435,9175,Noardeast-Fryslân
2436,9178,Noardeast-Fryslân
2437,9176,Noardeast-Fryslân
2438,9146,Noardeast-Fryslân
2439,9172,Noardeast-Fryslân
2440,9107,Noardeast-Fryslân
2441,9155,Noardeast-Fryslân
2442,9297,Noardeast-Fryslân
2443,9295,Noardeast-Fryslân
2444,9296,Noardeast-Fryslân
2445,9852,Noardeast-Fryslân
2446,9125,Noardeast-Fryslân
2447,9131,Noardeast-Fryslân
2448,9132,Noardeast-Fryslân
2449,9112,Noardeast-Fryslân
2450,9123,Noardeast-Fryslân
2451,9124,Noardeast-Fryslân
2452,9121,Noardeast-Fryslân
2453,9153,Noardeast-Fryslân
2454,9122,Noardeast-Fryslân
2455,9135,Noardeast-Fryslân
2456,9136,Noardeast-Fryslân
2457,9102,Noardeast-Fryslân
2458,9101,Noardeast-Fryslân
2459,9103,Noardeast-Fryslân
2460,9111,Noardeast-Fryslân
2461,9177,Noardeast-Fryslân
2462,9291,Noardeast-Fryslân
2463,9171,Noardeast-Fryslân
2464,9156,Noardeast-Fryslân
2465,9154,Noardeast-Fryslân
2466,9133,Noardeast-Fryslân
2467,9152,Noardeast-Fryslân
2468,4491,Noord-Beveland
2469,4484,Noord-Beveland
2470,4486,Noord-Beveland
2471,4494,Noord-Beveland
2472,4485,Noord-Beveland
2473,4493,Noord-Beveland
2474,9343,Noordenveld
2475,9315,Noordenveld
2476,9337,Noordenveld
2477,9331,Noordenveld
2478,9301,Noordenveld
2479,9321,Noordenveld
2480,9314,Noordenveld
2481,9749,Noordenveld
2482,9302,Noordenveld
2483,9304,Noordenveld
2484,9305,Noordenveld
2485,9307,Noordenveld
2486,9312,Noordenveld
2487,9313,Noordenveld
2488,9341,Noordenveld
2489,9311,Noordenveld
2490,9333,Noordenveld
2491,9335,Noordenveld
2492,9334,Noordenveld
2493,9342,Noordenveld
2494,9336,Noordenveld
2495,9306,Noordenveld
2496,8309,Noordoostpolder
2497,8316,Noordoostpolder
2498,8312,Noordoostpolder
2499,8317,Noordoostpolder
2500,8319,Noordoostpolder
2501,8308,Noordoostpolder
2502,8313,Noordoostpolder
2503,8314,Noordoostpolder
2504,8315,Noordoostpolder
2505,8305,Noordoostpolder
2506,8311,Noordoostpolder
2507,8302,Noordoostpolder
2508,8301,Noordoostpolder
2509,8304,Noordoostpolder
2510,8307,Noordoostpolder
2511,8303,Noordoostpolder
2512,2202,Noordwijk
2513,2211,Noordwijk
2514,2203,Noordwijk
2515,2204,Noordwijk
2516,2201,Noordwijk
2517,2191,Noordwijk
2518,2212,Noordwijk
2519,5672,"Nuenen, Gerwen en Nederwetten"
2520,5673,"Nuenen, Gerwen en Nederwetten"
2521,5671,"Nuenen, Gerwen en Nederwetten"
2522,5674,"Nuenen, Gerwen en Nederwetten"
2523,8077,Nunspeet
2524,8072,Nunspeet
2525,8075,Nunspeet
2526,8071,Nunspeet
2527,8076,Nunspeet
2528,2342,Oegstgeest
2529,2343,Oegstgeest
2530,2341,Oegstgeest
2531,5688,Oirschot
2532,5689,Oirschot
2533,5061,Oisterwijk
2534,5062,Oisterwijk
2535,5066,Oisterwijk
2536,5076,Oisterwijk
2537,5063,Oisterwijk
2538,5059,Oisterwijk
2539,9686,Oldambt
2540,9672,Oldambt
2541,9674,Oldambt
2542,9678,Oldambt
2543,9687,Oldambt
2544,9693,Oldambt
2545,9691,Oldambt
2546,9677,Oldambt
2547,9671,Oldambt
2548,9673,Oldambt
2549,9944,Oldambt
2550,9675,Oldambt
2551,9684,Oldambt
2552,9942,Oldambt
2553,9681,Oldambt
2554,9682,Oldambt
2555,9685,Oldambt
2556,9688,Oldambt
2557,9943,Oldambt
2558,9679,Oldambt
2559,8079,Oldebroek
2560,8097,Oldebroek
2561,8094,Oldebroek
2562,8091,Oldebroek
2563,8095,Oldebroek
2564,7573,Oldenzaal
2565,7574,Oldenzaal
2566,7576,Oldenzaal
2567,7577,Oldenzaal
2568,7571,Oldenzaal
2569,7562,Oldenzaal
2570,7575,Oldenzaal
2571,7572,Oldenzaal
2572,8121,Olst-Wijhe
2573,8124,Olst-Wijhe
2574,8131,Olst-Wijhe
2575,8196,Olst-Wijhe
2576,8198,Olst-Wijhe
2577,7737,Ommen
2578,7739,Ommen
2579,8146,Ommen
2580,7734,Ommen
2581,7735,Ommen
2582,7736,Ommen
2583,7738,Ommen
2584,7731,Ommen
2585,7685,Ommen
2586,7732,Ommen
2587,8147,Ommen
2588,8148,Ommen
2589,7134,Oost Gelre
2590,7136,Oost Gelre
2591,7142,Oost Gelre
2592,7132,Oost Gelre
2593,7263,Oost Gelre
2594,7131,Oost Gelre
2595,7135,Oost Gelre
2596,7137,Oost Gelre
2597,7141,Oost Gelre
2598,4905,Oosterhout
2599,4904,Oosterhout
2600,4901,Oosterhout
2601,4903,Oosterhout
2602,4911,Oosterhout
2603,4908,Oosterhout
2604,4906,Oosterhout
2605,4909,Oosterhout
2606,4907,Oosterhout
2607,4849,Oosterhout
2608,4902,Oosterhout
2609,8433,Ooststellingwerf
2610,8432,Ooststellingwerf
2611,8435,Ooststellingwerf
2612,8434,Ooststellingwerf
2613,8431,Ooststellingwerf
2614,8424,Ooststellingwerf
2615,8422,Ooststellingwerf
2616,8423,Ooststellingwerf
2617,8428,Ooststellingwerf
2618,8425,Ooststellingwerf
2619,8426,Ooststellingwerf
2620,8421,Ooststellingwerf
2621,8427,Ooststellingwerf
2622,1511,Oostzaan
2623,1716,Opmeer
2624,1719,Opmeer
2625,1718,Opmeer
2626,1661,Opmeer
2627,1662,Opmeer
2628,1663,Opmeer
2629,1715,Opmeer
2630,8406,Opsterland
2631,9247,Opsterland
2632,9246,Opsterland
2633,9245,Opsterland
2634,8408,Opsterland
2635,8409,Opsterland
2636,8403,Opsterland
2637,8407,Opsterland
2638,8405,Opsterland
2639,8404,Opsterland
2640,9207,Opsterland
2641,9241,Opsterland
2642,9243,Opsterland
2643,9249,Opsterland
2644,9248,Opsterland
2645,8401,Opsterland
2646,9244,Opsterland
2647,5371,Oss
2648,5353,Oss
2649,5352,Oss
2650,5354,Oss
2651,5356,Oss
2652,5355,Oss
2653,5359,Oss
2654,5357,Oss
2655,5373,Oss
2656,5398,Oss
2657,5386,Oss
2658,5346,Oss
2659,5358,Oss
2660,5344,Oss
2661,5345,Oss
2662,5347,Oss
2663,5368,Oss
2664,5367,Oss
2665,5348,Oss
2666,5396,Oss
2667,5394,Oss
2668,5366,Oss
2669,5397,Oss
2670,5351,Oss
2671,5349,Oss
2672,5343,Oss
2673,5341,Oss
2674,5342,Oss
2675,5395,Oss
2676,7071,Oude IJsselstreek
2677,7078,Oude IJsselstreek
2678,7076,Oude IJsselstreek
2679,7077,Oude IJsselstreek
2680,7075,Oude IJsselstreek
2681,7083,Oude IJsselstreek
2682,7084,Oude IJsselstreek
2683,7081,Oude IJsselstreek
2684,7065,Oude IJsselstreek
2685,7064,Oude IJsselstreek
2686,7054,Oude IJsselstreek
2687,7061,Oude IJsselstreek
2688,7055,Oude IJsselstreek
2689,7051,Oude IJsselstreek
2690,1191,Ouder-Amstel
2691,1115,Ouder-Amstel
2692,1114,Ouder-Amstel
2693,3464,Oudewater
2694,3467,Oudewater
2695,3425,Oudewater
2696,3421,Oudewater
2697,6673,Overbetuwe
2698,6672,Overbetuwe
2699,6674,Overbetuwe
2700,6675,Overbetuwe
2701,6676,Overbetuwe
2702,6677,Overbetuwe
2703,6662,Overbetuwe
2704,6665,Overbetuwe
2705,6671,Overbetuwe
2706,6666,Overbetuwe
2707,6661,Overbetuwe
2708,6678,Overbetuwe
2709,6668,Overbetuwe
2710,3353,Papendrecht
2711,3352,Papendrecht
2712,3354,Papendrecht
2713,3355,Papendrecht
2714,3356,Papendrecht
2715,3351,Papendrecht
2716,5985,Peel en Maas
2717,5986,Peel en Maas
2718,5981,Peel en Maas
2719,5995,Peel en Maas
2720,5991,Peel en Maas
2721,5993,Peel en Maas
2722,5988,Peel en Maas
2723,5768,Peel en Maas
2724,5987,Peel en Maas
2725,5984,Peel en Maas
2726,9665,Pekela
2727,9663,Pekela
2728,2645,Pijnacker-Nootdorp
2729,2631,Pijnacker-Nootdorp
2730,2643,Pijnacker-Nootdorp
2731,2642,Pijnacker-Nootdorp
2732,2641,Pijnacker-Nootdorp
2733,2632,Pijnacker-Nootdorp
2734,1443,Purmerend
2735,1446,Purmerend
2736,1444,Purmerend
2737,1442,Purmerend
2738,1445,Purmerend
2739,1441,Purmerend
2740,1448,Purmerend
2741,1461,Purmerend
2742,1464,Purmerend
2743,1447,Purmerend
2744,1462,Purmerend
2745,1463,Purmerend
2746,3882,Putten
2747,3881,Putten
2748,8101,Raalte
2749,8107,Raalte
2750,8106,Raalte
2751,8105,Raalte
2752,8111,Raalte
2753,8103,Raalte
2754,8141,Raalte
2755,8112,Raalte
2756,8102,Raalte
2757,8144,Raalte
2758,8055,Raalte
2759,4414,Reimerswaal
2760,4417,Reimerswaal
2761,4416,Reimerswaal
2762,4411,Reimerswaal
2763,4401,Reimerswaal
2764,4413,Reimerswaal
2765,4415,Reimerswaal
2766,6861,Renkum
2767,6869,Renkum
2768,6866,Renkum
2769,6862,Renkum
2770,6871,Renkum
2771,6865,Renkum
2772,6874,Renkum
2773,3927,Renswoude
2774,5094,Reusel-De Mierden
2775,5096,Reusel-De Mierden
2776,5095,Reusel-De Mierden
2777,5541,Reusel-De Mierden
2778,6952,Rheden
2779,6957,Rheden
2780,6883,Rheden
2781,6991,Rheden
2782,6994,Rheden
2783,6951,Rheden
2784,6955,Rheden
2785,6956,Rheden
2786,6953,Rheden
2787,6882,Rheden
2788,6881,Rheden
2789,3911,Rhenen
2790,3922,Rhenen
2791,3912,Rhenen
2792,3921,Rhenen
2793,2987,Ridderkerk
2794,2989,Ridderkerk
2795,2986,Ridderkerk
2796,2982,Ridderkerk
2797,2988,Ridderkerk
2798,2984,Ridderkerk
2799,2983,Ridderkerk
2800,2981,Ridderkerk
2801,2985,Ridderkerk
2802,7451,Rijssen-Holten
2803,7463,Rijssen-Holten
2804,7461,Rijssen-Holten
2805,7462,Rijssen-Holten
2806,2282,Rijswijk
2807,2283,Rijswijk
2808,2281,Rijswijk
2809,2286,Rijswijk
2810,2289,Rijswijk
2811,2284,Rijswijk
2812,2288,Rijswijk
2813,2285,Rijswijk
2814,2287,Rijswijk
2815,6075,Roerdalen
2816,6074,Roerdalen
2817,6077,Roerdalen
2818,6063,Roerdalen
2819,6061,Roerdalen
2820,6065,Roerdalen
2821,6042,Roermond
2822,6043,Roermond
2823,6041,Roermond
2824,6071,Roermond
2825,6044,Roermond
2826,6045,Roermond
2827,6049,Roermond
2828,4726,Roosendaal
2829,4709,Roosendaal
2830,4702,Roosendaal
2831,4724,Roosendaal
2832,4725,Roosendaal
2833,4701,Roosendaal
2834,4705,Roosendaal
2835,4727,Roosendaal
2836,4704,Roosendaal
2837,4703,Roosendaal
2838,4708,Roosendaal
2839,4707,Roosendaal
2840,4706,Roosendaal
2841,3052,Rotterdam
2842,3053,Rotterdam
2843,3062,Rotterdam
2844,3192,Rotterdam
2845,3067,Rotterdam
2846,3066,Rotterdam
2847,3195,Rotterdam
2848,3193,Rotterdam
2849,3077,Rotterdam
2850,3054,Rotterdam
2851,3081,Rotterdam
2852,3075,Rotterdam
2853,3079,Rotterdam
2854,3078,Rotterdam
2855,3069,Rotterdam
2856,3071,Rotterdam
2857,3194,Rotterdam
2858,3033,Rotterdam
2859,3061,Rotterdam
2860,3034,Rotterdam
2861,3191,Rotterdam
2862,3181,Rotterdam
2863,3068,Rotterdam
2864,3064,Rotterdam
2865,3199,Rotterdam
2866,3035,Rotterdam
2867,3036,Rotterdam
2868,3032,Rotterdam
2869,3031,Rotterdam
2870,3198,Rotterdam
2871,3197,Rotterdam
2872,3196,Rotterdam
2873,3065,Rotterdam
2874,3063,Rotterdam
2875,3074,Rotterdam
2876,3029,Rotterdam
2877,3037,Rotterdam
2878,3151,Rotterdam
2879,3076,Rotterdam
2880,3072,Rotterdam
2881,3088,Rotterdam
2882,3086,Rotterdam
2883,3014,Rotterdam
2884,3012,Rotterdam
2885,3011,Rotterdam
2886,3013,Rotterdam
2887,3084,Rotterdam
2888,3045,Rotterdam
2889,3046,Rotterdam
2890,3047,Rotterdam
2891,3038,Rotterdam
2892,3043,Rotterdam
2893,3041,Rotterdam
2894,3039,Rotterdam
2895,3042,Rotterdam
2896,3059,Rotterdam
2897,3056,Rotterdam
2898,3055,Rotterdam
2899,3051,Rotterdam
2900,3089,Rotterdam
2901,3087,Rotterdam
2902,3044,Rotterdam
2903,3085,Rotterdam
2904,3022,Rotterdam
2905,3023,Rotterdam
2906,3082,Rotterdam
2907,3083,Rotterdam
2908,3015,Rotterdam
2909,3016,Rotterdam
2910,3073,Rotterdam
2911,3028,Rotterdam
2912,3026,Rotterdam
2913,3025,Rotterdam
2914,3024,Rotterdam
2915,3027,Rotterdam
2916,3021,Rotterdam
2917,6891,Rozendaal
2918,4721,Rucphen
2919,4735,Rucphen
2920,4722,Rucphen
2921,4711,Rucphen
2922,4714,Rucphen
2923,4715,Rucphen
2924,1724,Schagen
2925,1744,Schagen
2926,1746,Schagen
2927,1747,Schagen
2928,1742,Schagen
2929,1741,Schagen
2930,1755,Schagen
2931,1749,Schagen
2932,1757,Schagen
2933,1759,Schagen
2934,1756,Schagen
2935,1751,Schagen
2936,1738,Schagen
2937,1752,Schagen
2938,1753,Schagen
2939,1754,Schagen
2940,3925,Scherpenzeel
2941,3115,Schiedam
2942,3116,Schiedam
2943,3118,Schiedam
2944,3111,Schiedam
2945,3117,Schiedam
2946,3114,Schiedam
2947,3113,Schiedam
2948,3123,Schiedam
2949,3124,Schiedam
2950,3122,Schiedam
2951,3125,Schiedam
2952,3121,Schiedam
2953,3119,Schiedam
2954,3112,Schiedam
2955,9166,Schiermonnikoog
2956,4328,Schouwen-Duiveland
2957,4327,Schouwen-Duiveland
2958,4326,Schouwen-Duiveland
2959,4322,Schouwen-Duiveland
2960,4323,Schouwen-Duiveland
2961,4301,Schouwen-Duiveland
2962,4302,Schouwen-Duiveland
2963,4311,Schouwen-Duiveland
2964,4315,Schouwen-Duiveland
2965,4317,Schouwen-Duiveland
2966,4316,Schouwen-Duiveland
2967,4325,Schouwen-Duiveland
2968,4303,Schouwen-Duiveland
2969,4321,Schouwen-Duiveland
2970,4307,Schouwen-Duiveland
2971,4305,Schouwen-Duiveland
2972,4318,Schouwen-Duiveland
2973,4306,Schouwen-Duiveland
2974,4308,Schouwen-Duiveland
2975,6351,Simpelveld
2976,6353,Simpelveld
2977,6369,Simpelveld
2978,5275,Sint-Michielsgestel
2979,5271,Sint-Michielsgestel
2980,5258,Sint-Michielsgestel
2981,5292,Sint-Michielsgestel
2982,5294,Sint-Michielsgestel
2983,5293,Sint-Michielsgestel
2984,5291,Sint-Michielsgestel
2985,5272,Sint-Michielsgestel
2986,6137,Sittard-Geleen
2987,6125,Sittard-Geleen
2988,6121,Sittard-Geleen
2989,6162,Sittard-Geleen
2990,6122,Sittard-Geleen
2991,6123,Sittard-Geleen
2992,6163,Sittard-Geleen
2993,6167,Sittard-Geleen
2994,6124,Sittard-Geleen
2995,6165,Sittard-Geleen
2996,6136,Sittard-Geleen
2997,6141,Sittard-Geleen
2998,6164,Sittard-Geleen
2999,6161,Sittard-Geleen
3000,6131,Sittard-Geleen
3001,6151,Sittard-Geleen
3002,6153,Sittard-Geleen
3003,6142,Sittard-Geleen
3004,6143,Sittard-Geleen
3005,6135,Sittard-Geleen
3006,6166,Sittard-Geleen
3007,6127,Sittard-Geleen
3008,6134,Sittard-Geleen
3009,6132,Sittard-Geleen
3010,6133,Sittard-Geleen
3011,3362,Sliedrecht
3012,3361,Sliedrecht
3013,3363,Sliedrecht
3014,3364,Sliedrecht
3015,4515,Sluis
3016,4529,Sluis
3017,4525,Sluis
3018,4527,Sluis
3019,4501,Sluis
3020,4504,Sluis
3021,4522,Sluis
3022,4505,Sluis
3023,4506,Sluis
3024,4508,Sluis
3025,4511,Sluis
3026,4513,Sluis
3027,4503,Sluis
3028,4507,Sluis
3029,4528,Sluis
3030,4524,Sluis
3031,9205,Smallingerland
3032,9202,Smallingerland
3033,9203,Smallingerland
3034,9216,Smallingerland
3035,9217,Smallingerland
3036,9218,Smallingerland
3037,9213,Smallingerland
3038,9212,Smallingerland
3039,9204,Smallingerland
3040,9215,Smallingerland
3041,9222,Smallingerland
3042,9221,Smallingerland
3043,9223,Smallingerland
3044,9219,Smallingerland
3045,9206,Smallingerland
3046,9211,Smallingerland
3047,9201,Smallingerland
3048,9214,Smallingerland
3049,8497,Smallingerland
3050,3765,Soest
3051,3763,Soest
3052,3764,Soest
3053,3766,Soest
3054,3768,Soest
3055,3761,Soest
3056,3762,Soest
3057,3769,Soest
3058,5711,Someren
3059,5712,Someren
3060,5715,Someren
3061,5692,Son en Breugel
3062,5694,Son en Breugel
3063,5691,Son en Breugel
3064,9581,Stadskanaal
3065,9503,Stadskanaal
3066,9584,Stadskanaal
3067,9591,Stadskanaal
3068,9661,Stadskanaal
3069,9585,Stadskanaal
3070,9501,Stadskanaal
3071,9502,Stadskanaal
3072,7954,Staphorst
3073,7715,Staphorst
3074,7951,Staphorst
3075,7955,Staphorst
3076,1614,Stede Broec
3077,1613,Stede Broec
3078,1611,Stede Broec
3079,4655,Steenbergen
3080,4756,Steenbergen
3081,4671,Steenbergen
3082,4652,Steenbergen
3083,4651,Steenbergen
3084,4681,Steenbergen
3085,8341,Steenwijkerland
3086,7946,Steenwijkerland
3087,8374,Steenwijkerland
3088,8363,Steenwijkerland
3089,8373,Steenwijkerland
3090,8372,Steenwijkerland
3091,8371,Steenwijkerland
3092,8362,Steenwijkerland
3093,8334,Steenwijkerland
3094,8066,Steenwijkerland
3095,8326,Steenwijkerland
3096,8325,Steenwijkerland
3097,8338,Steenwijkerland
3098,8337,Steenwijkerland
3099,8336,Steenwijkerland
3100,8335,Steenwijkerland
3101,8355,Steenwijkerland
3102,8333,Steenwijkerland
3103,8332,Steenwijkerland
3104,8339,Steenwijkerland
3105,8331,Steenwijkerland
3106,8375,Steenwijkerland
3107,8356,Steenwijkerland
3108,8361,Steenwijkerland
3109,8376,Steenwijkerland
3110,8377,Steenwijkerland
3111,8344,Steenwijkerland
3112,8343,Steenwijkerland
3113,8345,Steenwijkerland
3114,8342,Steenwijkerland
3115,8347,Steenwijkerland
3116,8346,Steenwijkerland
3117,8378,Steenwijkerland
3118,6181,Stein
3119,6171,Stein
3120,6129,Stein
3121,3607,Stichtse Vecht
3122,1393,Stichtse Vecht
3123,3608,Stichtse Vecht
3124,3611,Stichtse Vecht
3125,3621,Stichtse Vecht
3126,3628,Stichtse Vecht
3127,3612,Stichtse Vecht
3128,3633,Stichtse Vecht
3129,3631,Stichtse Vecht
3130,3626,Stichtse Vecht
3131,3606,Stichtse Vecht
3132,3601,Stichtse Vecht
3133,3634,Stichtse Vecht
3134,3605,Stichtse Vecht
3135,3602,Stichtse Vecht
3136,3604,Stichtse Vecht
3137,3603,Stichtse Vecht
3138,3632,Stichtse Vecht
3139,8823,Súdwest-Fryslân
3140,8723,Súdwest-Fryslân
3141,8722,Súdwest-Fryslân
3142,8764,Súdwest-Fryslân
3143,8763,Súdwest-Fryslân
3144,8762,Súdwest-Fryslân
3145,8761,Súdwest-Fryslân
3146,8772,Súdwest-Fryslân
3147,8771,Súdwest-Fryslân
3148,8756,Súdwest-Fryslân
3149,8755,Súdwest-Fryslân
3150,8758,Súdwest-Fryslân
3151,8757,Súdwest-Fryslân
3152,8845,Súdwest-Fryslân
3153,8737,Súdwest-Fryslân
3154,8741,Súdwest-Fryslân
3155,8844,Súdwest-Fryslân
3156,8736,Súdwest-Fryslân
3157,8774,Súdwest-Fryslân
3158,8775,Súdwest-Fryslân
3159,8766,Súdwest-Fryslân
3160,8773,Súdwest-Fryslân
3161,8616,Súdwest-Fryslân
3162,8734,Súdwest-Fryslân
3163,8607,Súdwest-Fryslân
3164,9021,Súdwest-Fryslân
3165,8822,Súdwest-Fryslân
3166,8701,Súdwest-Fryslân
3167,8711,Súdwest-Fryslân
3168,8715,Súdwest-Fryslân
3169,8721,Súdwest-Fryslân
3170,8754,Súdwest-Fryslân
3171,8759,Súdwest-Fryslân
3172,8651,Súdwest-Fryslân
3173,8629,Súdwest-Fryslân
3174,8614,Súdwest-Fryslân
3175,8551,Súdwest-Fryslân
3176,8603,Súdwest-Fryslân
3177,8604,Súdwest-Fryslân
3178,8606,Súdwest-Fryslân
3179,8618,Súdwest-Fryslân
3180,8621,Súdwest-Fryslân
3181,8622,Súdwest-Fryslân
3182,8601,Súdwest-Fryslân
3183,9012,Súdwest-Fryslân
3184,8611,Súdwest-Fryslân
3185,8613,Súdwest-Fryslân
3186,8612,Súdwest-Fryslân
3187,8608,Súdwest-Fryslân
3188,8747,Súdwest-Fryslân
3189,8748,Súdwest-Fryslân
3190,8743,Súdwest-Fryslân
3191,8742,Súdwest-Fryslân
3192,8724,Súdwest-Fryslân
3193,8746,Súdwest-Fryslân
3194,8745,Súdwest-Fryslân
3195,8744,Súdwest-Fryslân
3196,8752,Súdwest-Fryslân
3197,8751,Súdwest-Fryslân
3198,8735,Súdwest-Fryslân
3199,8753,Súdwest-Fryslân
3200,8713,Súdwest-Fryslân
3201,9014,Súdwest-Fryslân
3202,9013,Súdwest-Fryslân
3203,8605,Súdwest-Fryslân
3204,8552,Súdwest-Fryslân
3205,8529,Súdwest-Fryslân
3206,8554,Súdwest-Fryslân
3207,8553,Súdwest-Fryslân
3208,8584,Súdwest-Fryslân
3209,8602,Súdwest-Fryslân
3210,8749,Súdwest-Fryslân
3211,8731,Súdwest-Fryslân
3212,8821,Súdwest-Fryslân
3213,8733,Súdwest-Fryslân
3214,8623,Súdwest-Fryslân
3215,8626,Súdwest-Fryslân
3216,8627,Súdwest-Fryslân
3217,8624,Súdwest-Fryslân
3218,8625,Súdwest-Fryslân
3219,8617,Súdwest-Fryslân
3220,8615,Súdwest-Fryslân
3221,8765,Súdwest-Fryslân
3222,8632,Súdwest-Fryslân
3223,8631,Súdwest-Fryslân
3224,8658,Súdwest-Fryslân
3225,8636,Súdwest-Fryslân
3226,8637,Súdwest-Fryslân
3227,8647,Súdwest-Fryslân
3228,8641,Súdwest-Fryslân
3229,8642,Súdwest-Fryslân
3230,8644,Súdwest-Fryslân
3231,8633,Súdwest-Fryslân
3232,8635,Súdwest-Fryslân
3233,8702,Súdwest-Fryslân
3234,8628,Súdwest-Fryslân
3235,8732,Súdwest-Fryslân
3236,4571,Terneuzen
3237,4576,Terneuzen
3238,4554,Terneuzen
3239,4575,Terneuzen
3240,4521,Terneuzen
3241,4551,Terneuzen
3242,4553,Terneuzen
3243,4531,Terneuzen
3244,4535,Terneuzen
3245,4543,Terneuzen
3246,4533,Terneuzen
3247,4574,Terneuzen
3248,4537,Terneuzen
3249,4539,Terneuzen
3250,4538,Terneuzen
3251,4542,Terneuzen
3252,4541,Terneuzen
3253,4532,Terneuzen
3254,4536,Terneuzen
3255,8882,Terschelling
3256,8881,Terschelling
3257,8894,Terschelling
3258,8892,Terschelling
3259,8883,Terschelling
3260,8895,Terschelling
3261,8896,Terschelling
3262,8897,Terschelling
3263,8893,Terschelling
3264,8891,Terschelling
3265,8884,Terschelling
3266,8885,Terschelling
3267,1792,Texel
3268,1795,Texel
3269,1793,Texel
3270,1796,Texel
3271,1797,Texel
3272,1794,Texel
3273,1791,Texel
3274,2362,Teylingen
3275,2172,Teylingen
3276,2171,Teylingen
3277,2361,Teylingen
3278,2215,Teylingen
3279,2216,Teylingen
3280,4696,Tholen
3281,4691,Tholen
3282,4695,Tholen
3283,4675,Tholen
3284,4698,Tholen
3285,4697,Tholen
3286,4693,Tholen
3287,4694,Tholen
3288,4013,Tiel
3289,4003,Tiel
3290,4062,Tiel
3291,4006,Tiel
3292,4001,Tiel
3293,4002,Tiel
3294,4004,Tiel
3295,4005,Tiel
3296,4007,Tiel
3297,4014,Tiel
3298,4017,Tiel
3299,5012,Tilburg
3300,5017,Tilburg
3301,5015,Tilburg
3302,5074,Tilburg
3303,5018,Tilburg
3304,5013,Tilburg
3305,5014,Tilburg
3306,5037,Tilburg
3307,5011,Tilburg
3308,5038,Tilburg
3309,5045,Tilburg
3310,5057,Tilburg
3311,5041,Tilburg
3312,5048,Tilburg
3313,5071,Tilburg
3314,5046,Tilburg
3315,5036,Tilburg
3316,5049,Tilburg
3317,5056,Tilburg
3318,5047,Tilburg
3319,5044,Tilburg
3320,5035,Tilburg
3321,5043,Tilburg
3322,5025,Tilburg
3323,5022,Tilburg
3324,5021,Tilburg
3325,5026,Tilburg
3326,5032,Tilburg
3327,5042,Tilburg
3328,7668,Tubbergen
3329,7679,Tubbergen
3330,7667,Tubbergen
3331,7615,Tubbergen
3332,7614,Tubbergen
3333,7662,Tubbergen
3334,7661,Tubbergen
3335,7664,Tubbergen
3336,7666,Tubbergen
3337,7663,Tubbergen
3338,7678,Tubbergen
3339,7665,Tubbergen
3340,7651,Tubbergen
3341,7676,Twenterand
3342,7681,Twenterand
3343,7672,Twenterand
3344,7675,Twenterand
3345,7683,Twenterand
3346,7686,Twenterand
3347,7671,Twenterand
3348,9765,Tynaarlo
3349,9471,Tynaarlo
3350,9481,Tynaarlo
3351,9482,Tynaarlo
3352,9472,Tynaarlo
3353,9496,Tynaarlo
3354,9483,Tynaarlo
3355,9485,Tynaarlo
3356,9484,Tynaarlo
3357,9491,Tynaarlo
3358,9493,Tynaarlo
3359,9494,Tynaarlo
3360,9766,Tynaarlo
3361,9475,Tynaarlo
3362,9761,Tynaarlo
3363,9497,Tynaarlo
3364,9473,Tynaarlo
3365,9474,Tynaarlo
3366,9495,Tynaarlo
3367,9262,Tytsjerksteradiel
3368,9261,Tytsjerksteradiel
3369,9263,Tytsjerksteradiel
3370,9257,Tytsjerksteradiel
3371,9258,Tytsjerksteradiel
3372,9255,Tytsjerksteradiel
3373,9265,Tytsjerksteradiel
3374,9062,Tytsjerksteradiel
3375,9061,Tytsjerksteradiel
3376,9064,Tytsjerksteradiel
3377,9063,Tytsjerksteradiel
3378,9091,Tytsjerksteradiel
3379,9251,Tytsjerksteradiel
3380,9256,Tytsjerksteradiel
3381,9264,Tytsjerksteradiel
3382,9254,Tytsjerksteradiel
3383,1911,Uitgeest
3384,1422,Uithoorn
3385,1421,Uithoorn
3386,1424,Uithoorn
3387,1423,Uithoorn
3388,8323,Urk
3389,8321,Urk
3390,8322,Urk
3391,3572,Utrecht
3392,3527,Utrecht
3393,3528,Utrecht
3394,3512,Utrecht
3395,3453,Utrecht
3396,3454,Utrecht
3397,3452,Utrecht
3398,3511,Utrecht
3399,3515,Utrecht
3400,3514,Utrecht
3401,3534,Utrecht
3402,3513,Utrecht
3403,3521,Utrecht
3404,3564,Utrecht
3405,3565,Utrecht
3406,3571,Utrecht
3407,3566,Utrecht
3408,3562,Utrecht
3409,3561,Utrecht
3410,3455,Utrecht
3411,3533,Utrecht
3412,3522,Utrecht
3413,3531,Utrecht
3414,3525,Utrecht
3415,3524,Utrecht
3416,3526,Utrecht
3417,3451,Utrecht
3418,3523,Utrecht
3419,3546,Utrecht
3420,3551,Utrecht
3421,3553,Utrecht
3422,3573,Utrecht
3423,3542,Utrecht
3424,3532,Utrecht
3425,3543,Utrecht
3426,3581,Utrecht
3427,3585,Utrecht
3428,3545,Utrecht
3429,3552,Utrecht
3430,3554,Utrecht
3431,3555,Utrecht
3432,3541,Utrecht
3433,3584,Utrecht
3434,3582,Utrecht
3435,3563,Utrecht
3436,3544,Utrecht
3437,3583,Utrecht
3438,3941,Utrechtse Heuvelrug
3439,3972,Utrechtse Heuvelrug
3440,3956,Utrechtse Heuvelrug
3441,3951,Utrechtse Heuvelrug
3442,3959,Utrechtse Heuvelrug
3443,3958,Utrechtse Heuvelrug
3444,3953,Utrechtse Heuvelrug
3445,3971,Utrechtse Heuvelrug
3446,6295,Vaals
3447,6291,Vaals
3448,6294,Vaals
3449,6341,Valkenburg aan de Geul
3450,6342,Valkenburg aan de Geul
3451,6305,Valkenburg aan de Geul
3452,6301,Valkenburg aan de Geul
3453,6325,Valkenburg aan de Geul
3454,5552,Valkenswaard
3455,5553,Valkenswaard
3456,5555,Valkenswaard
3457,5556,Valkenswaard
3458,5554,Valkenswaard
3459,5551,Valkenswaard
3460,9631,Veendam
3461,9645,Veendam
3462,9641,Veendam
3463,9642,Veendam
3464,9644,Veendam
3465,9646,Veendam
3466,9648,Veendam
3467,3907,Veenendaal
3468,3902,Veenendaal
3469,3906,Veenendaal
3470,3901,Veenendaal
3471,3905,Veenendaal
3472,3903,Veenendaal
3473,3904,Veenendaal
3474,4373,Veere
3475,4353,Veere
3476,4351,Veere
3477,4354,Veere
3478,4365,Veere
3479,4352,Veere
3480,4361,Veere
3481,4356,Veere
3482,4363,Veere
3483,4364,Veere
3484,4371,Veere
3485,4374,Veere
3486,4357,Veere
3487,5507,Veldhoven
3488,5509,Veldhoven
3489,5503,Veldhoven
3490,5508,Veldhoven
3491,5501,Veldhoven
3492,5506,Veldhoven
3493,5502,Veldhoven
3494,5505,Veldhoven
3495,1972,Velsen
3496,1951,Velsen
3497,2071,Velsen
3498,1973,Velsen
3499,2082,Velsen
3500,1981,Velsen
3501,1985,Velsen
3502,1991,Velsen
3503,1971,Velsen
3504,1976,Velsen
3505,1975,Velsen
3506,1992,Velsen
3507,1974,Velsen
3508,5915,Venlo
3509,5916,Venlo
3510,5927,Venlo
3511,5914,Venlo
3512,5911,Venlo
3513,5944,Venlo
3514,5923,Venlo
3515,5925,Venlo
3516,5931,Venlo
3517,5932,Venlo
3518,5935,Venlo
3519,5941,Venlo
3520,5924,Venlo
3521,5928,Venlo
3522,5951,Venlo
3523,5943,Venlo
3524,5922,Venlo
3525,5921,Venlo
3526,5913,Venlo
3527,5926,Venlo
3528,5912,Venlo
3529,5803,Venray
3530,5802,Venray
3531,5861,Venray
3532,5863,Venray
3533,5862,Venray
3534,5815,Venray
3535,5816,Venray
3536,5811,Venray
3537,5804,Venray
3538,5807,Venray
3539,5812,Venray
3540,5801,Venray
3541,5808,Venray
3542,5813,Venray
3543,5814,Venray
3544,5809,Venray
3545,5817,Venray
3546,4233,Vijfheerenlanden
3547,4235,Vijfheerenlanden
3548,4247,Vijfheerenlanden
3549,4243,Vijfheerenlanden
3550,4245,Vijfheerenlanden
3551,4231,Vijfheerenlanden
3552,4141,Vijfheerenlanden
3553,4128,Vijfheerenlanden
3554,4126,Vijfheerenlanden
3555,4145,Vijfheerenlanden
3556,4125,Vijfheerenlanden
3557,4122,Vijfheerenlanden
3558,4121,Vijfheerenlanden
3559,4124,Vijfheerenlanden
3560,3989,Vijfheerenlanden
3561,4143,Vijfheerenlanden
3562,4142,Vijfheerenlanden
3563,4133,Vijfheerenlanden
3564,4132,Vijfheerenlanden
3565,4131,Vijfheerenlanden
3566,4163,Vijfheerenlanden
3567,3135,Vlaardingen
3568,3131,Vlaardingen
3569,3138,Vlaardingen
3570,3137,Vlaardingen
3571,3136,Vlaardingen
3572,3132,Vlaardingen
3573,3133,Vlaardingen
3574,3134,Vlaardingen
3575,8899,Vlieland
3576,4384,Vlissingen
3577,4389,Vlissingen
3578,4381,Vlissingen
3579,4382,Vlissingen
3580,4383,Vlissingen
3581,4387,Vlissingen
3582,4386,Vlissingen
3583,4385,Vlissingen
3584,4388,Vlissingen
3585,6311,Voerendaal
3586,6312,Voerendaal
3587,6343,Voerendaal
3588,2254,Voorschoten
3589,2251,Voorschoten
3590,2253,Voorschoten
3591,2252,Voorschoten
3592,7392,Voorst
3593,7439,Voorst
3594,7396,Voorst
3595,7395,Voorst
3596,7391,Voorst
3597,7384,Voorst
3598,7383,Voorst
3599,7382,Voorst
3600,7397,Voorst
3601,5263,Vught
3602,5268,Vught
3603,5261,Vught
3604,5264,Vught
3605,5262,Vught
3606,5266,Vught
3607,9079,Waadhoeke
3608,8801,Waadhoeke
3609,8802,Waadhoeke
3610,9047,Waadhoeke
3611,9072,Waadhoeke
3612,8852,Waadhoeke
3613,9041,Waadhoeke
3614,9035,Waadhoeke
3615,9032,Waadhoeke
3616,9033,Waadhoeke
3617,8856,Waadhoeke
3618,9077,Waadhoeke
3619,9075,Waadhoeke
3620,9034,Waadhoeke
3621,8854,Waadhoeke
3622,8853,Waadhoeke
3623,9044,Waadhoeke
3624,8855,Waadhoeke
3625,9078,Waadhoeke
3626,9036,Waadhoeke
3627,9043,Waadhoeke
3628,9045,Waadhoeke
3629,9038,Waadhoeke
3630,9037,Waadhoeke
3631,9031,Waadhoeke
3632,8807,Waadhoeke
3633,9076,Waadhoeke
3634,8808,Waadhoeke
3635,8812,Waadhoeke
3636,8814,Waadhoeke
3637,8816,Waadhoeke
3638,8813,Waadhoeke
3639,8851,Waadhoeke
3640,8843,Waadhoeke
3641,8831,Waadhoeke
3642,8842,Waadhoeke
3643,8811,Waadhoeke
3644,8805,Waadhoeke
3645,8806,Waadhoeke
3646,8804,Waadhoeke
3647,8809,Waadhoeke
3648,8841,Waadhoeke
3649,5583,Waalre
3650,5582,Waalre
3651,5581,Waalre
3652,5141,Waalwijk
3653,5146,Waalwijk
3654,5144,Waalwijk
3655,5145,Waalwijk
3656,5161,Waalwijk
3657,5143,Waalwijk
3658,5142,Waalwijk
3659,5165,Waalwijk
3660,2741,Waddinxveen
3661,2743,Waddinxveen
3662,2742,Waddinxveen
3663,6704,Wageningen
3664,6702,Wageningen
3665,6709,Wageningen
3666,6701,Wageningen
3667,6707,Wageningen
3668,6705,Wageningen
3669,6703,Wageningen
3670,6706,Wageningen
3671,6708,Wageningen
3672,2244,Wassenaar
3673,2242,Wassenaar
3674,2243,Wassenaar
3675,2245,Wassenaar
3676,2241,Wassenaar
3677,1141,Waterland
3678,1454,Waterland
3679,1452,Waterland
3680,1151,Waterland
3681,1154,Waterland
3682,1482,Waterland
3683,1145,Waterland
3684,1156,Waterland
3685,1153,Waterland
3686,6004,Weert
3687,6002,Weert
3688,6039,Weert
3689,6005,Weert
3690,6001,Weert
3691,6003,Weert
3692,6006,Weert
3693,1383,Weesp
3694,1381,Weesp
3695,1384,Weesp
3696,1382,Weesp
3697,4191,West Betuwe
3698,4176,West Betuwe
3699,4181,West Betuwe
3700,4155,West Betuwe
3701,4158,West Betuwe
3702,4157,West Betuwe
3703,4152,West Betuwe
3704,4151,West Betuwe
3705,4185,West Betuwe
3706,4184,West Betuwe
3707,4182,West Betuwe
3708,4175,West Betuwe
3709,4171,West Betuwe
3710,4147,West Betuwe
3711,4064,West Betuwe
3712,4063,West Betuwe
3713,4061,West Betuwe
3714,4153,West Betuwe
3715,4161,West Betuwe
3716,4194,West Betuwe
3717,4196,West Betuwe
3718,4211,West Betuwe
3719,4212,West Betuwe
3720,4174,West Betuwe
3721,4214,West Betuwe
3722,4156,West Betuwe
3723,6659,West Maas en Waal
3724,6658,West Maas en Waal
3725,6621,West Maas en Waal
3726,6628,West Maas en Waal
3727,6627,West Maas en Waal
3728,6657,West Maas en Waal
3729,6629,West Maas en Waal
3730,6626,West Maas en Waal
3731,9362,Westerkwartier
3732,9882,Westerkwartier
3733,9884,Westerkwartier
3734,9885,Westerkwartier
3735,9845,Westerkwartier
3736,9844,Westerkwartier
3737,9842,Westerkwartier
3738,9841,Westerkwartier
3739,9862,Westerkwartier
3740,9355,Westerkwartier
3741,9366,Westerkwartier
3742,9361,Westerkwartier
3743,9359,Westerkwartier
3744,9363,Westerkwartier
3745,9354,Westerkwartier
3746,9356,Westerkwartier
3747,9886,Westerkwartier
3748,9351,Westerkwartier
3749,9367,Westerkwartier
3750,9893,Westerkwartier
3751,9883,Westerkwartier
3752,9843,Westerkwartier
3753,9364,Westerkwartier
3754,9892,Westerkwartier
3755,9822,Westerkwartier
3756,9821,Westerkwartier
3757,9365,Westerkwartier
3758,9804,Westerkwartier
3759,9805,Westerkwartier
3760,9811,Westerkwartier
3761,9812,Westerkwartier
3762,9831,Westerkwartier
3763,9832,Westerkwartier
3764,9833,Westerkwartier
3765,9824,Westerkwartier
3766,9827,Westerkwartier
3767,9891,Westerkwartier
3768,9863,Westerkwartier
3769,9828,Westerkwartier
3770,9881,Westerkwartier
3771,9864,Westerkwartier
3772,9865,Westerkwartier
3773,9861,Westerkwartier
3774,9801,Westerkwartier
3775,9825,Westerkwartier
3776,9866,Westerkwartier
3777,7971,Westerveld
3778,9423,Westerveld
3779,7986,Westerveld
3780,8382,Westerveld
3781,7985,Westerveld
3782,7984,Westerveld
3783,7983,Westerveld
3784,7975,Westerveld
3785,9417,Westerveld
3786,8439,Westerveld
3787,7973,Westerveld
3788,8383,Westerveld
3789,7981,Westerveld
3790,7991,Westerveld
3791,8384,Westerveld
3792,8385,Westerveld
3793,8438,Westerveld
3794,8351,Westerveld
3795,8437,Westerveld
3796,8381,Westerveld
3797,8387,Westerveld
3798,7974,Westerveld
3799,8386,Westerveld
3800,6931,Westervoort
3801,6932,Westervoort
3802,9696,Westerwolde
3803,9566,Westerwolde
3804,9545,Westerwolde
3805,9699,Westerwolde
3806,9563,Westerwolde
3807,9698,Westerwolde
3808,9551,Westerwolde
3809,9541,Westerwolde
3810,9695,Westerwolde
3811,9697,Westerwolde
3812,9561,Westerwolde
3813,2693,Westland
3814,2684,Westland
3815,2291,Westland
3816,2694,Westland
3817,2691,Westland
3818,2685,Westland
3819,2692,Westland
3820,2672,Westland
3821,2675,Westland
3822,2676,Westland
3823,2678,Westland
3824,2681,Westland
3825,2295,Westland
3826,2671,Westland
3827,2292,Westland
3828,2673,Westland
3829,8474,Weststellingwerf
3830,8484,Weststellingwerf
3831,8388,Weststellingwerf
3832,8393,Weststellingwerf
3833,8397,Weststellingwerf
3834,8398,Weststellingwerf
3835,8394,Weststellingwerf
3836,8391,Weststellingwerf
3837,8471,Weststellingwerf
3838,8472,Weststellingwerf
3839,8485,Weststellingwerf
3840,8389,Weststellingwerf
3841,8483,Weststellingwerf
3842,8482,Weststellingwerf
3843,8479,Weststellingwerf
3844,8481,Weststellingwerf
3845,8478,Weststellingwerf
3846,8486,Weststellingwerf
3847,8487,Weststellingwerf
3848,8488,Weststellingwerf
3849,8489,Weststellingwerf
3850,8476,Weststellingwerf
3851,8475,Weststellingwerf
3852,8477,Weststellingwerf
3853,8396,Weststellingwerf
3854,8392,Weststellingwerf
3855,8395,Weststellingwerf
3856,3234,Westvoorne
3857,3233,Westvoorne
3858,3235,Westvoorne
3859,7468,Wierden
3860,7466,Wierden
3861,7467,Wierden
3862,7642,Wierden
3863,7645,Wierden
3864,7641,Wierden
3865,6601,Wijchen
3866,6613,Wijchen
3867,6616,Wijchen
3868,6606,Wijchen
3869,6604,Wijchen
3870,6605,Wijchen
3871,6602,Wijchen
3872,6615,Wijchen
3873,6634,Wijchen
3874,6617,Wijchen
3875,6603,Wijchen
3876,1394,Wijdemeren
3877,1231,Wijdemeren
3878,1244,Wijdemeren
3879,1243,Wijdemeren
3880,1241,Wijdemeren
3881,3625,Wijdemeren
3882,3945,Wijk bij Duurstede
3883,3962,Wijk bij Duurstede
3884,3961,Wijk bij Duurstede
3885,3947,Wijk bij Duurstede
3886,7102,Winterswijk
3887,7119,Winterswijk
3888,7115,Winterswijk
3889,7109,Winterswijk
3890,7113,Winterswijk
3891,7105,Winterswijk
3892,7104,Winterswijk
3893,7108,Winterswijk
3894,7106,Winterswijk
3895,7107,Winterswijk
3896,7103,Winterswijk
3897,7101,Winterswijk
3898,4634,Woensdrecht
3899,4645,Woensdrecht
3900,4631,Woensdrecht
3901,4641,Woensdrecht
3902,4635,Woensdrecht
3903,3471,Woerden
3904,3481,Woerden
3905,3474,Woerden
3906,3445,Woerden
3907,3449,Woerden
3908,3444,Woerden
3909,3443,Woerden
3910,3447,Woerden
3911,3442,Woerden
3912,3441,Woerden
3913,3448,Woerden
3914,3446,Woerden
3915,1534,Wormerland
3916,1546,Wormerland
3917,1458,Wormerland
3918,1456,Wormerland
3919,1531,Wormerland
3920,3931,Woudenberg
3921,1503,Zaanstad
3922,1541,Zaanstad
3923,1521,Zaanstad
3924,1508,Zaanstad
3925,1506,Zaanstad
3926,1504,Zaanstad
3927,1544,Zaanstad
3928,1502,Zaanstad
3929,1501,Zaanstad
3930,1505,Zaanstad
3931,1561,Zaanstad
3932,1567,Zaanstad
3933,1562,Zaanstad
3934,1566,Zaanstad
3935,1525,Zaanstad
3936,1509,Zaanstad
3937,1507,Zaanstad
3938,1551,Zaanstad
3939,5317,Zaltbommel
3940,5308,Zaltbommel
3941,5311,Zaltbommel
3942,5315,Zaltbommel
3943,5307,Zaltbommel
3944,5313,Zaltbommel
3945,5306,Zaltbommel
3946,5301,Zaltbommel
3947,5302,Zaltbommel
3948,5316,Zaltbommel
3949,5314,Zaltbommel
3950,5318,Zaltbommel
3951,5305,Zaltbommel
3952,2041,Zandvoort
3953,2116,Zandvoort
3954,2042,Zandvoort
3955,3891,Zeewolde
3956,3898,Zeewolde
3957,3894,Zeewolde
3958,3896,Zeewolde
3959,3897,Zeewolde
3960,3899,Zeewolde
3961,3892,Zeewolde
3962,3893,Zeewolde
3963,3895,Zeewolde
3964,3706,Zeist
3965,3711,Zeist
3966,3712,Zeist
3967,3708,Zeist
3968,3709,Zeist
3969,3703,Zeist
3970,3707,Zeist
3971,3704,Zeist
3972,3702,Zeist
3973,3735,Zeist
3974,3705,Zeist
3975,3701,Zeist
3976,3734,Zeist
3977,6911,Zevenaar
3978,6904,Zevenaar
3979,6903,Zevenaar
3980,6917,Zevenaar
3981,6909,Zevenaar
3982,6901,Zevenaar
3983,6902,Zevenaar
3984,6905,Zevenaar
3985,6987,Zevenaar
3986,6988,Zevenaar
3987,6986,Zevenaar
3988,6914,Zevenaar
3989,6916,Zevenaar
3990,6913,Zevenaar
3991,6915,Zevenaar
3992,2729,Zoetermeer
3993,2716,Zoetermeer
3994,2721,Zoetermeer
3995,2719,Zoetermeer
3996,2718,Zoetermeer
3997,2713,Zoetermeer
3998,2717,Zoetermeer
3999,2715,Zoetermeer
4000,2712,Zoetermeer
4001,2723,Zoetermeer
4002,2711,Zoetermeer
4003,2722,Zoetermeer
4004,2724,Zoetermeer
4005,2728,Zoetermeer
4006,2725,Zoetermeer
4007,2726,Zoetermeer
4008,2727,Zoetermeer
4009,2381,Zoeterwoude
4010,2735,Zoeterwoude
4011,2382,Zoeterwoude
4012,2911,Zuidplas
4013,2761,Zuidplas
4014,2751,Zuidplas
4015,2752,Zuidplas
4016,2841,Zuidplas
4017,2912,Zuidplas
4018,2914,Zuidplas
4019,2913,Zuidplas
4020,4882,Zundert
4021,4881,Zundert
4022,4884,Zundert
4023,4891,Zundert
4024,4885,Zundert
4025,7207,Zutphen
4026,7202,Zutphen
4027,7201,Zutphen
4028,7204,Zutphen
4029,7203,Zutphen
4030,7206,Zutphen
4031,7231,Zutphen
4032,7205,Zutphen
4033,7232,Zutphen
4034,8281,Zwartewaterland
4035,8061,Zwartewaterland
4036,8064,Zwartewaterland
4037,8291,Zwartewaterland
4038,8294,Zwartewaterland
4039,3333,Zwijndrecht
4040,3336,Zwijndrecht
4041,3335,Zwijndrecht
4042,3334,Zwijndrecht
4043,2995,Zwijndrecht
4044,3331,Zwijndrecht
4045,3332,Zwijndrecht
4046,8021,Zwolle
4047,8011,Zwolle
4048,8022,Zwolle
4049,8016,Zwolle
4050,8012,Zwolle
4051,8015,Zwolle
4052,8014,Zwolle
4053,8013,Zwolle
4054,8023,Zwolle
4055,8028,Zwolle
4056,8026,Zwolle
4057,8025,Zwolle
4058,8024,Zwolle
4059,8034,Zwolle
4060,8041,Zwolle
4061,8035,Zwolle
4062,8042,Zwolle
4063,8045,Zwolle
4064,8044,Zwolle
4065,8032,Zwolle
4066,8019,Zwolle
4067,8017,Zwolle
4068,8031,Zwolle
4069,8033,Zwolle
4070,8043,Zwolle
